business_id,3pl_id,composite_score
1127,3688,0.28
1866,2165,0.404
7258,6472,0.753
4131,4917,0.2625
8635,3455,0.443
7534,660,0.4265
9637,7868,0.695
4565,6869,0.254
4432,6564,0.3895
4718,9870,0.2555
380,1694,0.58
6386,2541,0.345
3799,869,0.435
8908,4251,0.347
5553,5908,0.675
1878,3890,0.67
7844,2818,0.229
5829,405,0.4735
3169,2559,0.538
7427,6434,0.475
6895,4971,0.467
9040,7118,0.2085
3731,2684,0.365
9893,2900,0.54
1506,811,0.3005
546,1122,0.165
7753,3540,0.505
5117,1829,0.46
6058,9397,0.2085
3355,9055,0.356
5568,9084,0.409
8352,3431,0.295
6140,4037,0.4075
2029,9871,0.4645
8207,3586,0.575
6271,3033,0.5735
1091,4525,0.536
423,6800,0.48
2774,4230,0.2145
5727,8772,0.3955
2916,9324,0.3835
4970,2767,0.505
9044,5364,0.5865
5520,3505,0.525
3345,1722,0.423
1686,3251,0.545
7624,9798,0.645
4537,6408,0.399
4204,5506,0.19
8618,5847,0.356
3068,9073,0.3775
5540,8225,0.6345
3037,6401,0.2035
4757,115,0.452
8109,2028,0.248
7716,9716,0.77
5061,1136,0.518
3662,3089,0.455
7741,8559,0.414
4816,8476,0.67
6301,7900,0.635
4652,4098,0.435
856,5636,0.895
2352,5462,0.31
3882,1083,0.2495
9892,5039,0.3015
7079,781,0.426
8671,4710,0.59
3633,8242,0.335
6369,8046,0.503
590,7317,0.675
4999,5662,0.383
813,7375,0.705
4759,549,0.493
4351,4242,0.211
5469,2963,0.463
4329,6531,0.39
3959,2040,0.405
3065,2859,0.245
7168,242,0.2695
576,1868,0.63
6857,4185,0.432
6939,3269,0.53
1938,845,0.475
8614,116,0.53
7552,9483,0.187
721,6814,0.38
4485,710,0.361
7701,4072,0.3175
7874,8685,0.2675
9283,93,0.595
2515,2356,0.3885
7224,3763,0.41
5712,6687,0.367
2203,923,0.865
6914,4066,0.335
1342,3389,0.225
4129,4399,0.2175
9583,8580,0.285
6526,6179,0.419
2304,4925,0.585
319,152,0.42
8577,5334,0.415
9981,2702,0.395
5144,4587,0.261
6576,3861,0.44
9932,2341,0.486
7735,3932,0.445
638,1861,0.5375
8555,6876,0.3275
3327,6163,0.4345
4561,6028,0.6565
3087,5250,0.39
7296,7274,0.351
6307,2164,0.455
3304,2285,0.557
5794,6103,0.2975
4271,6961,0.489
444,3567,0.335
5448,2664,0.463
6514,1222,0.715
9734,9697,0.508
405,5839,0.368
7100,7162,0.367
5245,7404,0.315
3977,2624,0.5335
3313,2910,0.395
5395,9949,0.58
8501,7251,0.466
9533,2850,0.675
9497,4271,0.5075
7890,1658,0.515
5468,2785,0.77
1255,9094,0.647
102,7971,0.379
4774,5812,0.2985
5210,7096,0.484
2693,1877,0.38
2601,8886,0.415
4412,2858,0.445
3176,538,0.305
4403,8209,0.207
4887,7360,0.436
2422,4545,0.385
4389,1227,0.505
3692,7059,0.239
9114,9856,0.496
4901,5362,0.425
8440,9157,0.5375
8478,9828,0.64
4240,5387,0.48
5304,4685,0.61
3808,6864,0.505
7111,4653,0.385
2776,818,0.53
8357,7697,0.414
8526,4399,0.6775
550,6323,0.505
6097,6154,0.57
7599,4600,0.805
9389,5879,0.688
8264,6527,0.71
3950,6069,0.54
5712,9986,0.2665
6880,6669,0.343
7959,5738,0.4945
7826,6719,0.455
2596,6715,0.233
2159,1295,0.505
7484,7357,0.525
4169,7861,0.3525
679,9611,0.63
5556,5846,0.365
9080,9889,0.46
3792,8853,0.54
7951,3067,0.571
1460,4328,0.305
3894,4987,0.375
4032,5304,0.2995
6190,552,0.443
4662,7030,0.329
2650,6996,0.4305
1998,6742,0.337
4725,5185,0.555
1527,8757,0.4955
2506,8282,0.7275
727,7067,0.6625
2553,9578,0.405
5963,8308,0.815
7333,4252,0.287
4025,852,0.4825
1299,9134,0.431
6267,7907,0.46
9007,6121,0.3235
7638,1700,0.4525
7328,3683,0.335
5417,5785,0.3935
6604,2329,0.3135
5140,1965,0.302
3921,4233,0.448
2274,6610,0.33
6766,9321,0.73
7052,1338,0.37
8547,3326,0.8025
5623,6622,0.412
6504,1855,0.3025
1477,7797,0.335
3003,1228,0.358
1734,505,0.395
3702,253,0.348
4206,4180,0.253
9328,3097,0.32
9206,1269,0.67
7146,4984,0.435
8826,6958,0.4125
7275,3508,0.395
3756,776,0.805
4550,2125,0.397
4519,8021,0.265
721,6693,0.1985
9420,8741,0.41
5518,8247,0.545
7415,6566,0.4385
2541,9446,0.645
3237,1135,0.428
1396,1777,0.455
9306,3326,0.755
6187,2232,0.427
1369,9377,0.379
1292,6380,0.28
2037,6173,0.1965
4637,1977,0.515
569,1704,0.252
3046,6495,0.4665
9099,7027,0.59
7824,6228,0.4665
6900,6981,0.4075
4493,2562,0.4445
8759,4236,0.321
6970,746,0.3955
380,5943,0.2035
4321,2177,0.3235
2221,9933,0.3
116,4549,0.423
2588,291,0.2875
3509,4518,0.335
1207,1146,0.405
1257,2563,0.45
1963,5968,0.4325
8699,8278,0.7875
1074,7094,0.4345
3323,9648,0.535
2284,8288,0.5195
3677,231,0.325
2547,1419,0.456
8192,5311,0.57
3000,7756,0.735
9133,5216,0.935
9684,3157,0.58
9474,4629,0.445
2940,8926,0.432
1272,9105,0.381
5698,3021,0.474
2380,1823,0.357
9744,2082,0.3155
6672,9900,0.326
3293,2048,0.266
5268,7004,0.6865
3911,9169,0.405
3705,4574,0.304
5257,5052,0.475
7337,9013,0.403
6781,6017,0.503
3134,9456,0.263
3741,5101,0.19
3076,166,0.605
1081,2772,0.53
1613,5841,0.4275
4402,8488,0.8675
2802,2418,0.715
3645,8504,0.54
7504,1356,0.4035
4427,4552,0.2675
1910,767,0.44
2658,5829,0.435
6817,8236,0.182
6730,3944,0.4375
7107,4421,0.766
6561,9931,0.355
7808,7198,0.166
7451,4340,0.385
170,7972,0.304
6628,9771,0.484
8871,344,0.702
2664,654,0.502
8855,631,0.4075
6017,6275,0.56
3669,8955,0.335
9668,3251,0.431
8233,281,0.298
4460,341,0.334
6353,2270,0.367
4470,8150,0.25
9895,2555,0.444
1959,8577,0.305
642,2788,0.53
6043,1301,0.295
3183,206,0.3825
7562,5180,0.555
9620,4728,0.555
9298,7894,0.665
5114,815,0.449
9646,5068,0.414
485,223,0.414
833,2072,0.355
7830,5716,0.825
3273,7152,0.365
5414,1618,0.3925
1740,5840,0.2615
259,6348,0.304
3946,8624,0.4985
3683,5662,0.284
3721,111,0.6025
8685,9188,0.312
9437,2489,0.43
6212,1962,0.255
6018,9617,0.5445
6660,9702,0.305
4101,3081,0.2545
2540,430,0.424
1496,7031,0.5615
7798,7274,0.145
4760,475,0.446
5484,6881,0.1895
4931,7510,0.3375
334,2864,0.408
6775,9374,0.353
7894,7948,0.3925
7315,8299,0.525
8454,4800,0.255
2580,6323,0.3375
2094,6986,0.53
1074,9116,0.5185
5710,6997,0.503
8022,7219,0.475
7397,446,0.485
5409,9983,0.4765
6294,5266,0.502
114,3669,0.465
449,1227,0.64
6747,8706,0.3155
4988,4730,0.2455
9636,7017,0.5475
8641,4597,0.4975
8175,6920,0.61
838,8114,0.41
7467,7194,0.725
1458,9512,0.91
9852,3106,0.56
7401,2886,0.478
9795,9379,0.39
7091,7092,0.315
4731,4025,0.357
7817,3000,0.1755
1989,9107,0.441
1257,9115,0.405
2761,6276,0.374
5505,4382,0.646
5649,8160,0.221
7638,7017,0.5
5143,3774,0.31
7477,8103,0.53
766,2645,0.1785
7469,9128,0.4825
3385,2046,0.2975
4357,7551,0.55
2960,4793,0.3325
2894,4435,0.585
9612,9003,0.6535
5001,3908,0.297
9799,7722,0.4225
3325,9433,0.4475
7220,6585,0.455
9824,3715,0.7035
4013,717,0.1965
2505,8421,0.2495
4991,4254,0.22
2144,4967,0.464
8275,2241,0.435
5009,3340,0.446
2594,1624,0.565
4368,8456,0.5045
8787,7625,0.5025
696,2916,0.3335
7523,6133,0.147
3838,4482,0.365
1116,3245,0.4545
2790,2414,0.31
5879,5228,0.3285
7742,9134,0.392
6345,3678,0.3445
1689,6060,0.597
4105,6690,0.291
5101,9711,0.73
5253,7357,0.59
5092,9075,0.2585
9241,9719,0.5495
9472,9187,0.4355
2642,3384,0.3025
1337,1066,0.187
6758,9436,0.6485
4223,6800,0.481
8745,7955,0.2735
714,1940,0.247
9915,7112,0.168
884,5170,0.346
4106,2707,0.49
1159,3790,0.295
7652,3262,0.3675
6727,5535,0.862
8709,88,0.371
6682,5337,0.545
910,5432,0.505
8172,8706,0.3385
915,8831,0.435
3726,600,0.417
9060,1822,0.387
9745,2065,0.4175
4605,5426,0.6895
7258,3360,0.665
1584,8169,0.384
3334,5612,0.4975
8081,7421,0.354
865,8130,0.541
9376,6417,0.4185
6542,3960,0.62
7268,7381,0.452
7686,7953,0.4055
5147,6245,0.626
947,2859,0.51
6844,2360,0.544
9886,3153,0.5075
1357,4380,0.421
793,1808,0.455
8408,779,0.455
5543,2320,0.56
4146,7128,0.207
2983,1961,0.281
6184,5649,0.52
2877,7908,0.275
3662,9165,0.37
702,785,0.393
5791,6345,0.883
3393,5155,0.315
153,8335,0.465
585,198,0.62
5969,4868,0.5455
7142,5463,0.265
3359,684,0.2525
4182,415,0.8845
7762,4796,0.204
6680,8822,0.446
2343,1193,0.3275
7409,1955,0.525
4779,9900,0.521
8598,2917,0.43
1742,5824,0.3235
7368,2805,0.358
1162,2205,0.368
1879,5378,0.8285
5057,3236,0.477
1049,4167,0.335
3180,1032,0.215
6297,6467,0.2455
9342,8459,0.3225
5580,1174,0.565
1960,53,0.385
5444,4118,0.595
7472,2293,0.47
1133,8462,0.23
2219,5229,0.335
7498,8676,0.25
3038,8077,0.5175
8336,5853,0.505
7844,6458,0.2495
462,6449,0.44
3323,1112,0.55
3768,9157,0.8685
7547,2184,0.785
8036,1795,0.745
9235,1713,0.4235
6598,1938,0.5615
2120,9399,0.4025
2399,1754,0.53
1407,1693,0.555
331,9611,0.263
2882,9099,0.496
6049,4397,0.398
8517,8704,0.356
1101,2304,0.715
4436,3163,0.685
7325,93,0.444
6898,7572,0.485
1052,557,0.84
3621,358,0.497
1130,8194,0.588
306,2192,0.4165
1307,7518,0.343
1212,1908,0.365
8557,5761,0.3945
5090,981,0.475
4770,8798,0.625
1830,4844,0.27
8479,2223,0.3625
1704,6167,0.455
3120,4572,0.355
2341,8876,0.5745
3392,5380,0.361
8065,9991,0.491
1564,8485,0.495
3931,3324,0.53
2611,5591,0.309
8070,2615,0.448
8538,8093,0.815
9363,7337,0.5225
2866,6679,0.44
2147,977,0.285
2821,2753,0.635
5453,7961,0.406
977,740,0.59
2227,6486,0.274
8761,3432,0.1745
7683,837,0.373
8878,5650,0.2985
5847,8753,0.3795
2769,9523,0.45
6033,9414,0.565
847,4859,0.53
1622,2265,0.5545
265,4550,0.54
2526,574,0.707
4501,3589,0.4285
1935,2658,0.2935
4170,4942,0.2015
6243,275,0.67
529,2086,0.355
8095,7004,0.4875
1454,1662,0.525
7772,1625,0.575
2441,7828,0.715
879,6858,0.63
9956,7098,0.3855
6919,518,0.47
9569,3163,0.687
5670,8274,0.1285
8666,7020,0.565
6286,2689,0.4225
7047,7571,0.3885
8919,8733,0.506
7351,4107,0.4165
2554,6085,0.41
5567,8619,0.366
970,4142,0.359
1781,2254,0.497
8923,7993,0.456
9720,9371,0.437
6023,8973,0.344
605,5847,0.26
9609,4450,0.3285
3160,9814,0.335
9511,6659,0.2925
9000,1547,0.475
64,6480,0.437
3549,2248,0.345
9909,7828,0.355
4563,2663,0.33
4779,8155,0.3685
5490,4710,0.547
1140,5474,0.269
9350,7922,0.337
1412,774,0.4475
6784,7420,0.2975
2137,6479,0.59
6658,471,0.381
2546,8217,0.6275
7203,1652,0.485
6486,9720,0.335
4406,8480,0.46
7432,3556,0.326
9683,8717,0.63
5133,7747,0.379
3258,2894,0.395
5690,6025,0.325
3017,69,0.63
3232,3238,0.7245
9031,785,0.3975
2908,7753,0.48
7960,3263,0.695
4517,4289,0.697
2521,1021,0.365
2859,7520,0.48
5881,2108,0.372
5656,7707,0.448
3460,3932,0.371
2274,8586,0.515
2739,7631,0.501
7688,2447,0.408
9641,5183,0.4235
9720,3438,0.367
362,9123,0.395
5012,1106,0.2855
3903,9920,0.575
2019,5706,0.4845
4456,8898,0.2435
3864,2481,0.53
3031,4169,0.255
2452,2750,0.355
2019,5859,0.41
3892,9424,0.516
6160,8585,0.705
5298,2412,0.285
8461,1601,0.395
462,1243,0.4175
2053,7365,0.26
9937,4850,0.597
2391,4293,0.3345
2424,879,0.421
626,57,0.2085
1433,5082,0.476
267,5683,0.2175
727,103,0.625
1374,6202,0.298
9513,4152,0.7745
1702,762,0.206
1874,3186,0.397
5281,1270,0.4745
668,4624,0.385
2571,5520,0.359
9782,8436,0.71
9730,8550,0.315
2784,5274,0.677
6628,9500,0.319
8248,7093,0.44
5005,9913,0.5135
2851,2815,0.2625
8539,5927,0.41
6687,7714,0.863
5517,3101,0.41
6281,5858,0.4425
4035,6774,0.535
5837,7047,0.52
6913,6714,0.347
6386,8784,0.2865
8207,3450,0.335
3924,2828,0.784
6445,4364,0.587
4427,50,0.504
7644,7739,0.435
1436,2970,0.6185
7133,1998,0.363
5630,8910,0.165
5391,6650,0.4695
7970,117,0.52
2901,4428,0.3435
2202,6406,0.235
5768,1101,0.365
6128,8535,0.374
9099,4668,0.4475
8123,7237,0.367
6893,2365,0.3605
6672,608,0.434
135,7663,0.435
8394,433,0.317
6397,8602,0.3015
1868,1652,0.385
7676,5976,0.359
1155,1151,0.63
343,7686,0.4795
3478,9887,0.6085
434,2480,0.455
9700,4747,0.3935
303,1718,0.265
2309,5518,0.4745
8198,115,0.37
4776,2472,0.53
3353,8378,0.4015
6229,8755,0.2825
5312,7837,0.235
4715,6142,0.2845
1884,618,0.2335
3886,8098,0.298
6746,41,0.605
7823,530,0.2995
853,5692,0.349
6993,3673,0.425
1316,7017,0.6225
7495,5976,0.237
472,2912,0.395
3548,3332,0.445
7582,4335,0.4815
2553,2657,0.247
1,800,0.368
194,5288,0.3295
4626,8773,0.343
3646,1960,0.439
5880,7026,0.516
3014,4944,0.46
4499,3968,0.327
4899,4994,0.3795
5573,796,0.5515
1133,750,0.455
8503,438,0.34
2941,3878,0.275
3573,7119,0.305
7297,8598,0.305
3163,203,0.325
4331,2688,0.735
360,4402,0.59
6162,427,0.316
1914,9108,0.262
4133,8319,0.4695
1783,3387,0.4285
7545,9390,0.3645
6935,3521,0.386
2725,2825,0.505
885,1872,0.455
7535,2856,0.285
6126,484,0.466
4176,5194,0.79
9253,7158,0.283
1417,1880,0.254
8671,3308,0.438
4629,164,0.8935
8118,2390,0.2965
5707,6024,0.5075
7261,3927,0.3085
7979,7928,0.69
412,400,0.3835
3591,1390,0.205
737,6386,0.365
1172,9225,0.66
6571,6517,0.51
4451,4729,0.625
8650,5514,0.3585
9084,6765,0.4375
1528,3203,0.4275
1192,7393,0.3975
9944,486,0.435
8598,8908,0.515
8224,3552,0.3385
3108,1116,0.463
936,59,0.365
4323,7499,0.3105
9128,7750,0.59
7488,1415,0.345
9339,8284,0.4145
3540,7690,0.572
3047,522,0.377
7450,8537,0.429
2619,9929,0.456
1025,8177,0.31
6689,805,0.3885
2302,4840,0.39
6424,7560,0.3835
4724,4916,0.755
6494,9835,0.575
9690,2756,0.485
8769,1305,0.495
2732,3986,0.3185
3838,8610,0.34
7470,7552,0.195
5516,8623,0.43
1335,9577,0.495
8202,1368,0.34
3443,6199,0.297
9949,4743,0.32
1907,1491,0.4065
2754,9880,0.795
9177,4415,0.2375
4695,2690,0.385
9162,4917,0.63
3914,318,0.535
2196,3025,0.385
4450,1618,0.4525
1279,8623,0.423
4037,3937,0.464
2663,1116,0.4365
8049,7772,0.2625
254,9381,0.496
3261,6571,0.477
9800,1894,0.82
8231,5615,0.365
4641,9949,0.466
2530,255,0.297
8970,3717,0.445
5825,8448,0.3335
8968,3034,0.535
2795,6165,0.335
8593,6324,0.5295
5773,6319,0.5285
7107,641,0.7135
8160,7056,0.765
7955,5893,0.427
3992,3513,0.77
1130,2705,0.335
911,3074,0.325
2378,2507,0.339
6684,5150,0.395
4577,7207,0.1195
3137,8639,0.47
1641,968,0.488
7646,6686,0.4625
7985,1504,0.191
9681,2242,0.397
4951,9245,0.2995
4210,1941,0.27
5260,2085,0.3235
391,9026,0.565
2051,6744,0.6395
2391,7747,0.3555
6580,2071,0.77
4898,9255,0.805
1424,2189,0.3175
6832,1446,0.365
243,6228,0.4425
647,9430,0.449
8174,8232,0.545
2968,2731,0.2865
3836,7575,0.34
7098,3858,0.45
396,5787,0.294
7516,7796,0.349
7934,5914,0.1925
9798,7903,0.386
7114,2396,0.59
9904,4618,0.47
5972,5680,0.565
9082,8677,0.295
1720,2240,0.3725
3774,6666,0.445
753,7447,0.645
3559,6323,0.43
1538,7162,0.385
3943,6825,0.39
7126,5116,0.3525
8469,7473,0.325
9474,7913,0.188
5019,7064,0.332
9494,5886,0.535
6607,26,0.51
8893,2612,0.63
7010,2136,0.1685
7503,5909,0.785
4360,9522,0.455
4733,1791,0.423
2197,1138,0.3925
4630,8854,0.7
7401,20,0.3755
4974,8021,0.485
9023,7050,0.5325
2245,4654,0.4495
1026,3390,0.4395
7986,6149,0.578
441,496,0.435
46,3725,0.275
7939,7081,0.347
944,1679,0.2835
2594,47,0.406
8635,8471,0.43
4460,9859,0.301
3349,3395,0.565
1891,1066,0.185
2375,1811,0.283
1038,4825,0.52
6063,8121,0.285
3633,9863,0.655
7256,3384,0.223
7691,3126,0.485
6769,5935,0.4035
6857,4318,0.4265
2055,5897,0.643
7914,5284,0.47
6338,5317,0.355
4766,3120,0.357
5821,5591,0.391
9220,2109,0.765
2160,5008,0.3175
9817,8704,0.26
5289,4431,0.635
7317,8721,0.43
6989,7244,0.2935
3294,5968,0.459
420,8424,0.515
3931,1136,0.435
5331,8654,0.2925
393,9311,0.3025
1853,6432,0.319
272,9293,0.2635
8003,7032,0.367
1100,6185,0.244
6800,2647,0.845
6703,1874,0.5415
4755,8779,0.578
4149,3147,0.55
9959,7873,0.493
9683,3548,0.437
7337,4366,0.3955
3518,4029,0.394
6254,4075,0.475
2464,4584,0.68
3828,7045,0.625
8372,318,0.465
1676,2204,0.405
5613,3902,0.3625
2576,9039,0.355
5829,1975,0.395
4082,7884,0.344
4559,5524,0.438
3138,2881,0.396
9879,7488,0.483
1462,1058,0.5375
5526,8768,0.6765
6969,1840,0.505
3701,2993,0.175
9445,2645,0.18
9,2978,0.305
8906,2079,0.555
9464,3218,0.43
5157,7867,0.7455
7951,7134,0.295
1051,7068,0.402
9158,8546,0.3075
8184,5827,0.5875
5513,4293,0.345
1787,3885,0.367
2175,6566,0.631
8818,7225,0.455
8430,9091,0.552
204,3523,0.4635
9084,2629,0.54
758,8402,0.355
1995,522,0.3175
2580,3623,0.35
4263,2566,0.5175
9870,561,0.335
3459,8655,0.225
4988,6959,0.2125
6263,7213,0.284
4165,3402,0.327
3395,4169,0.0985
4276,1607,0.2425
8691,3953,0.647
2168,9445,0.3225
9447,3916,0.455
4319,8451,0.51
2044,7382,0.174
6207,368,0.386
8816,3462,0.403
9252,5903,0.5765
3776,9814,0.53
7028,7732,0.441
45,2569,0.595
8488,1092,0.8715
3231,1386,0.382
8960,6886,0.287
1852,8203,0.447
2572,7070,0.504
37,7612,0.305
7097,2412,0.4685
2909,6000,0.3145
2484,9706,0.865
9741,2712,0.372
3313,3295,0.3015
5805,4545,0.2325
6408,2165,0.4535
2627,4186,0.3465
1314,6814,0.325
8624,3641,0.215
4479,9767,0.3995
9416,7422,0.66
7936,4450,0.256
8511,7012,0.366
1638,2057,0.415
2806,8805,0.45
1197,198,0.775
7228,823,0.5725
4058,8858,0.2835
7214,3691,0.46
3531,3777,0.635
7052,164,0.855
7516,4165,0.31
9214,1232,0.306
6943,7182,0.385
680,201,0.516
7124,4864,0.574
6158,2575,0.4345
9990,9518,0.195
1307,3472,0.755
1029,3412,0.317
9750,3069,0.395
9561,1315,0.1525
7414,8885,0.352
9898,4894,0.775
8973,6813,0.5825
5800,309,0.2265
5396,7047,0.2935
4369,7639,0.433
4733,824,0.412
8366,2563,0.47
9282,9756,0.74
9625,445,0.405
4366,5288,0.421
6371,5256,0.295
6905,6782,0.432
1685,5270,0.603
8777,7818,0.39
5505,1997,0.363
7987,5058,0.4475
7976,274,0.468
3839,9465,0.3235
1518,2491,0.438
903,5957,0.376
1201,9731,0.433
1496,7915,0.475
2927,2051,0.265
4986,9886,0.3095
5018,1676,0.41
2511,8069,0.379
6168,8511,0.44
6829,1898,0.3445
8956,314,0.277
6186,3620,0.552
5110,9017,0.3345
4483,5600,0.455
5125,8878,0.4595
7194,2588,0.54
6812,7853,0.444
415,6752,0.6
1913,2572,0.3375
1182,2814,0.355
6539,6262,0.344
5390,5885,0.414
7514,2371,0.346
4272,638,0.593
3744,5341,0.1175
2949,3967,0.317
825,5743,0.385
4646,8147,0.29
5230,8806,0.416
1373,3460,0.434
4824,3295,0.414
2336,3428,0.755
4815,6683,0.506
4582,4379,0.28
4378,5670,0.605
352,9177,0.449
4579,4947,0.5645
1179,8584,0.29
4213,2820,0.415
4917,2112,0.265
5926,7916,0.55
5889,6365,0.34
8363,6243,0.4665
2440,9288,0.297
2281,1697,0.4245
4467,5793,0.4635
6631,7585,0.46
4011,2837,0.5065
758,4574,0.1575
5594,6959,0.423
5649,6123,0.1735
3293,5680,0.345
5363,4962,0.66
48,3823,0.405
8949,8102,0.6975
1096,4326,0.415
8212,8057,0.456
8894,5750,0.47
2219,4106,0.295
6304,6169,0.435
3218,7008,0.635
5989,1405,0.385
3330,2230,0.462
9151,868,0.445
4144,4549,0.43
802,1896,0.437
1041,891,0.4345
189,4595,0.385
707,4406,0.2925
9487,407,0.3975
1100,3325,0.3495
3292,6587,0.485
2002,2345,0.412
1136,1599,0.231
9742,451,0.498
7241,2031,0.3665
7843,4051,0.3965
2664,8222,0.446
1602,1458,0.4285
4585,243,0.368
3795,8904,0.3345
1557,5744,0.4685
1639,6225,0.4495
7491,9712,0.235
561,9840,0.54
6360,6291,0.4435
447,5695,0.347
3405,6099,0.8165
4903,2693,0.495
8739,1807,0.5875
1453,6826,0.533
7734,5721,0.247
130,7639,0.4025
5966,1602,0.4285
8592,282,0.28
8734,6716,0.444
7155,3120,0.452
2356,7243,0.256
6719,3532,0.564
5596,9121,0.45
6496,3068,0.522
9684,4900,0.363
5841,3989,0.515
8574,9677,0.329
1380,1833,0.4565
2414,2780,0.2705
6902,4114,0.526
6718,9235,0.305
8586,103,0.563
5609,5233,0.449
5207,8197,0.54
9403,1235,0.58
79,6940,0.69
4655,8125,0.293
6385,4682,0.725
990,1191,0.355
740,597,0.6
5014,6753,0.332
1594,6896,0.565
5115,7121,0.505
1379,6284,0.5295
3445,5860,0.318
1099,6221,0.444
8921,4684,0.34
3492,7203,0.385
3565,9868,0.258
6778,1394,0.406
9060,3391,0.405
5534,7036,0.315
1237,3100,0.644
3025,7585,0.315
7541,9668,0.5565
4376,3303,0.421
129,5234,0.505
1039,775,0.74
5661,8115,0.3715
9234,9903,0.414
5646,2055,0.58
4400,9191,0.47
2807,56,0.355
8926,2379,0.53
7523,8610,0.192
316,7771,0.4
8030,5512,0.505
2985,5446,0.455
2120,8243,0.615
6436,105,0.5375
5588,1181,0.311
716,8180,0.428
7304,3104,0.465
8111,8366,0.228
5636,3514,0.4965
1066,8024,0.365
6371,2596,0.47
6098,9546,0.585
674,3806,0.445
7128,2750,0.57
8699,8982,0.3585
7026,2133,0.383
9751,7716,0.728
9736,6278,0.46
5347,1031,0.687
8430,8893,0.335
3284,6761,0.445
3270,2534,0.43
7022,8330,0.235
1183,6245,0.495
5796,1177,0.275
889,4587,0.4445
8294,375,0.69
708,3734,0.59
6388,1913,0.2925
8326,3054,0.4565
1768,2036,0.523
2490,4009,0.203
6637,6383,0.195
8173,3925,0.281
5141,3507,0.5375
6643,5313,0.2925
2112,8198,0.505
1844,8618,0.403
2324,726,0.353
1625,3059,0.2875
5816,8525,0.56
4164,4650,0.218
5639,5933,0.445
4756,6349,0.615
522,4869,0.31
4300,9866,0.57
6171,5964,0.337
6248,749,0.645
2425,3277,0.324
4822,4891,0.3685
7518,391,0.52
752,2610,0.2115
6680,1563,0.57
8478,8433,0.307
4573,1676,0.3875
4533,6921,0.435
7354,9945,0.321
7973,8435,0.4
6357,1776,0.68
8272,6175,0.268
6437,2609,0.418
9375,4206,0.355
7205,6318,0.47
9813,7282,0.3425
1343,7351,0.83
5066,5402,0.395
5857,1097,0.3865
9753,2330,0.308
8400,606,0.248
7140,2283,0.5565
1896,1022,0.345
8563,4762,0.319
9727,962,0.5215
1493,7315,0.49
1848,9524,0.464
992,5760,0.412
5699,5085,0.37
3065,4787,0.64
5395,8462,0.72
8029,7746,0.388
6220,9928,0.4235
558,915,0.565
5080,5607,0.445
4752,8864,0.28
4658,3467,0.7925
1977,6447,0.725
968,6135,0.3475
4637,2824,0.3845
746,3258,0.4275
3819,3339,0.485
6917,5179,0.61
9695,8260,0.4625
2865,4775,0.388
657,849,0.361
2852,3907,0.5185
8593,1448,0.556
8597,2158,0.488
7453,6503,0.675
2433,6174,0.52
7891,1874,0.3835
5404,1840,0.57
384,4403,0.716
4749,9160,0.335
3988,6047,0.5385
7309,2547,0.4665
3948,4812,0.565
4541,1729,0.3695
4287,9737,0.438
5730,2379,0.5625
7464,5024,0.1925
1368,1563,0.47
7249,3645,0.498
8892,7158,0.196
805,4231,0.406
5216,7405,0.46
8616,2251,0.381
3962,8233,0.586
7312,9272,0.27
2311,611,0.377
2868,9321,0.665
4275,7886,0.383
9074,7149,0.4755
8234,9014,0.18
1543,2055,0.345
4683,7668,0.372
6411,8276,0.28
2756,5933,0.2045
1933,9851,0.43
2505,4327,0.457
2388,8143,0.456
3666,9172,0.655
5681,9016,0.8995
7289,3903,0.265
8573,7098,0.388
6556,1790,0.3945
8428,211,0.39
9548,9629,0.3745
222,1660,0.475
8792,6619,0.613
5491,8633,0.555
2030,1698,0.58
586,5761,0.39
7743,5139,0.2675
6900,9510,0.4385
4650,7850,0.5675
9084,6798,0.585
8471,8136,0.58
8916,2869,0.6915
4231,8521,0.575
7264,5200,0.505
3943,5277,0.226
7319,6993,0.4235
4769,1602,0.34
611,4517,0.43
5302,3710,0.4185
5346,6209,0.2885
1209,23,0.527
1110,9323,0.2765
3968,5002,0.642
2452,9725,0.67
9037,1347,0.3935
6689,1214,0.2165
2146,5065,0.272
1042,6733,0.4275
5116,4713,0.505
6399,9439,0.349
9000,3843,0.3775
7641,2603,0.3555
8902,7796,0.322
2899,7502,0.505
8585,3449,0.497
7849,4906,0.4225
9992,8421,0.36
8920,1134,0.406
8790,6666,0.251
464,8565,0.278
2188,8118,0.5175
1194,9904,0.38
4843,9322,0.518
1256,6339,0.495
2347,9261,0.495
5679,2151,0.465
5841,312,0.4485
4042,4507,0.51
6750,429,0.26
8948,1835,0.455
7111,3368,0.335
3249,7294,0.355
1111,7297,0.189
609,9269,0.235
5449,1526,0.435
3685,8718,0.355
6627,2203,0.3045
549,3843,0.3215
6877,7177,0.4545
6402,5239,0.3135
328,2499,0.4165
7521,4251,0.735
5393,8854,0.415
3389,5215,0.3755
576,2604,0.404
4700,2785,0.795
8530,5300,0.3365
3506,5324,0.6865
2188,7055,0.4875
5727,8441,0.4825
4145,2573,0.3175
6843,4006,0.493
4117,4359,0.805
6724,1250,0.29
6383,7139,0.278
4258,3954,0.4435
9849,2478,0.63
4093,1839,0.8565
9142,416,0.544
5564,5800,0.53
4805,4544,0.345
32,1788,0.477
603,121,0.715
1534,4176,0.59
9979,5644,0.3705
459,2393,0.3075
2364,6078,0.434
6617,9043,0.3625
234,2930,0.437
2301,7961,0.5685
834,3681,0.555
3319,440,0.445
3524,8606,0.32
8784,9538,0.4565
7780,4131,0.865
101,9043,0.452
5607,8170,0.8125
6933,5020,0.295
8512,2365,0.266
2045,762,0.4165
6579,4055,0.4245
8606,1460,0.1725
739,3385,0.535
4255,5168,0.203
8140,1093,0.3995
9055,2501,0.2065
8780,5234,0.5065
5697,5323,0.2375
9206,990,0.4165
5928,1002,0.3365
7064,5204,0.515
4886,6431,0.234
5626,7136,0.354
9380,9546,0.505
1918,4122,0.385
5229,7076,0.5215
9848,9651,0.485
6558,4058,0.465
3571,7526,0.54
5718,8596,0.867
244,6430,0.295
9541,2293,0.367
9984,1495,0.555
4538,5267,0.68
4219,9630,0.455
4501,6473,0.435
1220,8651,0.4445
3336,2944,0.363
7118,2338,0.2585
9617,7573,0.384
6568,6169,0.4915
5321,5742,0.579
2779,5235,0.485
6108,7182,0.415
4475,3019,0.5025
9735,259,0.3035
6261,7025,0.4275
7131,8540,0.3325
5973,811,0.4225
2943,9285,0.3875
8142,7711,0.305
1737,519,0.541
8957,2840,0.2275
200,5929,0.695
972,8141,0.678
9773,1122,0.27
4720,2236,0.7545
65,4469,0.196
6710,785,0.3565
6610,4720,0.47
6430,8160,0.39
4268,8424,0.553
1946,4045,0.685
1561,3349,0.6335
5521,9429,0.5945
9206,2428,0.85
1603,2619,0.409
6025,6325,0.4935
3285,6319,0.7585
3591,2047,0.399
3416,1610,0.51
1911,639,0.443
7303,4591,0.435
469,4542,0.395
8971,7558,0.488
830,3140,0.532
3902,6107,0.615
5467,6229,0.2625
6483,3152,0.2635
1763,1408,0.405
23,869,0.57
6937,3921,0.297
3551,307,0.2875
6564,3909,0.595
1681,3855,0.549
5919,2884,0.3645
8227,7019,0.3885
560,8369,0.333
1286,3289,0.325
9486,1900,0.6285
9005,4067,0.475
2231,1405,0.2085
8750,1602,0.37
9033,4687,0.449
7902,6514,0.392
9659,8399,0.435
3333,7786,0.2045
685,3666,0.4145
6035,6889,0.5375
8572,4151,0.2625
4106,3701,0.325
6700,1288,0.233
6575,5538,0.485
2792,1469,0.455
2878,2306,0.242
1583,1023,0.373
8892,6652,0.3465
4124,8405,0.345
4878,8004,0.3225
9970,4645,0.67
1980,6757,0.215
6552,2479,0.494
3317,556,0.475
6250,5362,0.395
5834,9921,0.47
3773,355,0.468
8014,9884,0.7495
3446,7938,0.565
4408,4950,0.297
2762,7159,0.325
5583,2693,0.367
7112,2454,0.3105
6668,6239,0.407
7280,8445,0.45
9520,2149,0.67
560,9120,0.485
962,9989,0.42
5666,1813,0.464
1658,1140,0.395
6163,1432,0.433
3704,6558,0.292
8428,6540,0.407
1448,9929,0.3445
1590,4283,0.335
6111,2687,0.4425
5980,5903,0.555
8901,6843,0.645
905,8783,0.53
1447,6046,0.3495
9295,3801,0.62
2697,1741,0.938
6886,5331,0.7585
5447,270,0.526
5576,8143,0.447
5552,831,0.8465
4962,7737,0.3335
542,6227,0.3365
9734,7860,0.527
5009,9907,0.595
5424,1263,0.4485
6051,5128,0.3025
2821,3176,0.486
8269,5520,0.3105
4849,513,0.415
2760,1818,0.3175
5699,2364,0.2685
5390,978,0.515
4321,2494,0.4415
6644,1033,0.647
7956,4140,0.765
6363,6328,0.244
4379,7699,0.343
6994,5048,0.4635
4012,2998,0.357
7173,2441,0.52
9426,1536,0.355
9817,9796,0.466
9704,6462,0.4745
6350,6318,0.4545
2794,8607,0.4395
8151,8199,0.2495
252,739,0.285
1481,4976,0.405
7465,659,0.455
2289,4257,0.329
7753,9371,0.543
2991,5996,0.394
7258,2083,0.4995
4240,6290,0.755
3259,8079,0.4475
6494,5663,0.393
4236,5040,0.2265
1926,9347,0.55
2662,8103,0.5845
8612,2601,0.3705
5756,5735,0.277
489,5492,0.53
8078,3095,0.555
6195,4141,0.695
9544,5810,0.4725
7021,938,0.655
7223,9854,0.344
5115,6169,0.5055
1092,2784,0.377
7466,9844,0.685
6518,6075,0.345
8366,1127,0.525
3610,1536,0.3685
1784,9969,0.42
1898,2954,0.3065
2002,7874,0.287
6172,5322,0.2875
3152,8312,0.4225
7210,1810,0.544
9506,2580,0.325
2701,2079,0.5155
1984,5518,0.633
9752,9412,0.3405
1548,30,0.2595
3919,4302,0.653
7594,6111,0.398
4974,6337,0.55
2828,4159,0.466
9567,3186,0.321
6904,9225,0.7565
557,7853,0.374
3222,3029,0.79
6788,4822,0.497
9319,2966,0.6335
1701,9073,0.4165
7206,4064,0.195
8972,43,0.3185
7269,5555,0.645
6556,3586,0.3045
3458,6609,0.497
530,9433,0.4545
7681,1138,0.2295
1107,9716,0.456
3963,763,0.295
5454,9713,0.56
7937,5958,0.565
6786,4147,0.3075
4269,3137,0.277
7519,9159,0.354
7457,3974,0.2975
7292,2402,0.615
7658,463,0.435
7872,4815,0.264
688,709,0.2785
7009,3511,0.7155
8180,9823,0.261
5207,8186,0.437
6314,4024,0.377
908,2625,0.2625
8911,1977,0.4175
6276,3432,0.147
1194,9216,0.3475
3363,6575,0.6555
7414,5690,0.628
7180,3886,0.53
9688,7323,0.4425
3973,1560,0.305
9995,2880,0.3975
7066,645,0.46
9034,3730,0.185
8568,3972,0.5385
4803,5180,0.4725
477,5130,0.325
9684,6646,0.525
6722,5367,0.1925
1189,5162,0.487
7669,5987,0.3635
5564,2390,0.3275
9523,5692,0.315
1759,3233,0.635
8403,4134,0.3205
2664,329,0.368
9582,9944,0.445
9757,7361,0.395
3759,6058,0.337
8293,6916,0.71
5343,9022,0.4375
5057,2616,0.2145
9064,6956,0.388
1455,8572,0.532
6999,9582,0.405
8842,8444,0.51
1323,8234,0.7095
7734,9360,0.376
304,6354,0.297
2538,502,0.445
8830,8600,0.405
6908,5764,0.805
1999,9241,0.383
2469,6457,0.38
4577,4936,0.428
4218,2888,0.435
9307,2349,0.7495
5719,1133,0.4175
6770,5405,0.485
6298,1901,0.62
1082,4928,0.3745
8857,2650,0.41
8631,3694,0.4095
1251,920,0.543
3468,6622,0.665
4188,2885,0.439
1479,4491,0.57
4665,3226,0.38
743,2284,0.64
4448,6804,0.383
2876,7929,0.54
8256,3295,0.2545
1718,480,0.3795
3986,5455,0.4755
9801,306,0.4625
630,9830,0.369
6715,5595,0.465
4065,6411,0.428
4285,8368,0.537
4044,437,0.55
6495,1239,0.359
9997,3443,0.337
4970,4536,0.555
6802,4922,0.253
4905,1148,0.467
581,1295,0.51
3217,3646,0.52
7714,3783,0.395
4007,5997,0.435
7121,6903,0.65
3865,1296,0.3395
4850,9688,0.4225
8190,4479,0.3835
4608,2243,0.76
5468,5349,0.485
876,941,0.648
7091,4256,0.6855
948,3285,0.3835
6733,9716,0.4525
5584,2867,0.423
6713,8521,0.305
9659,6786,0.4645
6447,3689,0.44
5072,2224,0.4145
3727,7003,0.433
8101,285,0.532
4141,8849,0.46
4248,6683,0.5075
6342,7037,0.309
3998,8285,0.4025
40,7743,0.37
7808,4029,0.3535
8998,9950,0.383
7049,3497,0.6015
3737,3379,0.305
6136,7340,0.255
206,7389,0.405
6040,8882,0.37
3578,8764,0.385
8953,6624,0.35
1142,3401,0.4665
902,3812,0.263
1462,5992,0.5075
3849,3605,0.2795
7229,6690,0.325
6251,1745,0.406
1372,7727,0.66
6191,2143,0.873
5155,2977,0.5195
9691,8157,0.47
8675,4391,0.5025
2482,7658,0.438
4032,22,0.372
3114,2029,0.66
8556,4760,0.3665
8897,8585,0.57
2928,5338,0.915
7850,7953,0.31
3325,6826,0.955
7875,3475,0.4765
9966,448,0.44
6321,3948,0.49
4811,260,0.47
373,2984,0.385
9489,7813,0.635
570,6131,0.374
6954,4915,0.4025
8147,9519,0.462
9015,1156,0.455
7672,166,0.365
7723,2445,0.319
2025,9312,0.463
5197,2939,0.165
7170,4144,0.399
6351,9649,0.516
3763,8645,0.413
1849,272,0.275
4178,5077,0.1655
8525,8623,0.68
6194,6190,0.475
6822,1418,0.5705
4141,7772,0.4665
7615,3280,0.441
6774,8905,0.415
6995,1384,0.5375
7001,1167,0.424
3057,2275,0.4135
5070,8842,0.49
638,9424,0.287
5170,5529,0.181
2693,6852,0.275
4754,7908,0.7445
6270,1126,0.3675
5310,3619,0.615
6187,7064,0.397
1503,1885,0.775
5702,4290,0.1835
9288,8232,0.49
90,5951,0.484
7237,5742,0.429
2211,9607,0.625
6616,7513,0.445
1070,6079,0.43
101,7254,0.515
1021,7235,0.665
7164,9507,0.415
3188,9195,0.44
5823,4854,0.4885
1670,262,0.494
5051,7955,0.357
5289,9017,0.5325
2182,9466,0.53
6962,214,0.255
6755,6752,0.342
2124,5345,0.3235
4067,904,0.7185
3580,111,0.316
6569,9182,0.558
6109,6506,0.79
2487,6950,0.3965
3133,4025,0.4465
9291,7878,0.4635
5011,4721,0.367
2401,6060,0.715
9063,9596,0.237
888,8327,0.5035
186,6673,0.6335
3005,4521,0.5435
4231,4293,0.685
8581,586,0.203
2172,406,0.1705
8235,5231,0.4275
8319,1435,0.315
4929,7591,0.76
4884,9722,0.2615
3529,1838,0.5075
3749,1681,0.16
7905,6167,0.3895
1549,9572,0.4425
2664,1994,0.3385
2497,6073,0.384
2397,8792,0.335
7671,5949,0.565
6208,3220,0.378
275,1231,0.53
8049,1170,0.44
1081,7800,0.3745
1,7560,0.42
4518,5401,0.544
784,1243,0.4675
2676,549,0.575
3437,8361,0.321
5365,5480,0.565
2550,108,0.6275
2150,8213,0.4715
6378,5519,0.47
6793,7186,0.427
998,6706,0.314
8063,1991,0.6785
1840,1739,0.4595
2459,2451,0.366
984,857,0.154
5977,474,0.4935
4139,3862,0.7435
161,4843,0.409
2864,8463,0.379
5795,3226,0.45
3953,9447,0.255
4839,7847,0.391
6736,1249,0.358
6314,7304,0.4745
4887,8300,0.255
904,7360,0.445
7391,8256,0.6745
1002,9829,0.7975
4474,6804,0.322
9828,3170,0.4265
2158,9995,0.338
7557,3201,0.618
2764,7931,0.555
7729,1897,0.336
5947,2888,0.4425
8836,1842,0.305
8002,6946,0.323
118,5971,0.2135
3095,3552,0.168
4647,1039,0.298
1531,3755,0.685
7653,4461,0.505
1668,3191,0.2775
5007,5110,0.253
413,1186,0.545
9783,8063,0.469
2630,1581,0.434
64,2212,0.293
6855,879,0.2275
4692,1459,0.3725
5977,9173,0.715
9551,381,0.5125
8209,2085,0.412
2051,8959,0.575
5807,4532,0.455
2140,5994,0.397
4983,8940,0.255
8387,1755,0.5275
570,3253,0.4975
4695,22,0.415
4241,4963,0.735
4129,6362,0.395
7977,9408,0.405
9131,518,0.405
2222,5049,0.465
3775,5893,0.318
9719,641,0.387
1791,7257,0.5275
2132,6816,0.28
6305,1550,0.4225
5110,9398,0.195
6039,9835,0.418
4691,8502,0.705
8011,5698,0.3715
561,9154,0.63
5610,2926,0.555
6939,3828,0.29
8684,3377,0.205
1996,8487,0.323
2829,6713,0.527
2367,5467,0.4475
2593,1813,0.325
3166,8567,0.303
7381,2131,0.565
4124,2533,0.4755
7313,5553,0.5365
6423,7481,0.33
9098,5060,0.296
6624,758,0.727
2901,9986,0.544
8657,7152,0.464
4498,5547,0.561
8035,2679,0.307
1641,3405,0.495
9370,1120,0.335
3723,476,0.255
779,862,0.928
6292,7310,0.5475
5858,6615,0.59
4679,6606,0.463
2716,91,0.319
4885,9516,0.387
7993,5251,0.227
7783,430,0.4985
7597,9456,0.335
1785,9913,0.397
8565,9585,0.775
7208,3023,0.5425
9262,4265,0.727
5449,7325,0.352
5351,1037,0.388
7840,6364,0.695
8533,1967,0.317
1388,1204,0.495
8922,8393,0.535
8463,1301,0.3595
280,8885,0.327
6914,6477,0.395
1642,8411,0.482
3327,9471,0.4175
5708,7383,0.5275
7240,8641,0.225
4073,9086,0.445
7989,5686,0.2335
7462,9123,0.455
3294,6645,0.595
9585,6429,0.2925
3296,5810,0.292
8778,6240,0.345
8942,4969,0.436
4211,1577,0.627
3013,7259,0.3365
2616,6556,0.47
81,8734,0.565
411,6096,0.423
36,6988,0.299
8833,9877,0.695
4574,7367,0.199
8745,2080,0.34
9347,2059,0.395
7330,8100,0.542
1244,1766,0.4245
1377,8608,0.625
6430,1844,0.415
9923,1125,0.49
4550,5715,0.399
1702,4965,0.218
9511,301,0.4115
8167,4133,0.5385
9524,8790,0.343
1621,9720,0.673
6465,7934,0.3435
2665,1092,0.49
2482,1854,0.4665
6066,7393,0.3775
4287,240,0.405
7563,330,0.355
6185,7759,0.362
5915,9706,0.565
5097,8318,0.3045
753,6741,0.955
4531,2616,0.183
9660,8695,0.485
953,8145,0.575
6185,8666,0.427
1496,7419,0.5475
8184,6265,0.444
161,3147,0.3585
272,7218,0.395
6440,353,0.4125
5691,6195,0.427
3704,1401,0.4395
5254,9024,0.4045
9952,903,0.4345
4059,4535,0.615
7993,329,0.465
383,7881,0.205
6157,7394,0.474
739,8109,0.54
7098,4302,0.63
982,5411,0.4635
4442,8318,0.4875
2927,1757,0.455
2439,4221,0.25
7233,2857,0.46
5490,2184,0.455
3366,1265,0.335
8486,576,0.495
9591,9220,0.43
7795,4585,0.375
4663,2057,0.5085
2596,9056,0.3975
1326,6269,0.62
6061,3148,0.395
5214,148,0.3255
866,8418,0.425
344,3992,0.44
2823,5012,0.4365
3687,9983,0.796
1460,2912,0.393
1591,5880,0.735
8965,1841,0.533
4583,9261,0.44
5632,5627,0.5045
8791,4023,0.205
4771,7714,0.785
2615,5363,0.386
8455,5515,0.412
536,4549,0.3625
7820,7716,0.564
2207,6887,0.382
9624,4416,0.4025
8097,5612,0.223
8439,7986,0.3865
5250,3306,0.6175
7953,159,0.383
1287,6508,0.485
9432,5051,0.452
8406,4348,0.2635
4380,8831,0.4485
4954,9968,0.261
4140,618,0.7375
2598,9576,0.4105
5002,4041,0.865
1870,880,0.277
4047,9220,0.4565
9167,7651,0.3655
6616,9029,0.512
5402,2250,0.391
1243,8804,0.805
1166,2564,0.2195
8926,1621,0.445
3160,7822,0.4775
7054,5414,0.481
2437,5893,0.324
5811,2564,0.23
3368,2347,0.785
4857,3031,0.44
1297,1465,0.314
8416,3549,0.5235
4846,1029,0.327
6187,3611,0.183
2964,7519,0.496
8716,1467,0.5295
1406,5,0.4345
7438,1219,0.352
9705,2144,0.56
947,9901,0.423
7737,2955,0.331
2241,6490,0.687
8280,3332,0.515
6455,3135,0.382
9671,9757,0.4155
3284,735,0.536
6388,7796,0.385
6591,4586,0.2555
7256,4306,0.41
3596,3578,0.57
6529,5814,0.3535
7968,1160,0.455
5703,5229,0.265
4424,2242,0.224
9203,8737,0.7325
4883,2600,0.437
3779,1398,0.326
2753,7525,0.435
7910,9581,0.487
3090,1555,0.3875
7904,9368,0.302
6764,5624,0.535
9485,1981,0.755
8386,1202,0.3695
5930,9170,0.48
6395,5038,0.54
7444,240,0.2025
241,4207,0.432
2461,3733,0.334
614,5924,0.65
825,5069,0.632
483,8826,0.395
477,5743,0.2535
7279,7263,0.785
9493,6613,0.334
7307,5435,0.295
6013,4216,0.3955
9793,2144,0.4235
4940,1664,0.4665
4091,1021,0.43
648,4332,0.438
6319,821,0.36
7475,5936,0.197
371,1580,0.2075
3520,7805,0.79
4716,9387,0.415
9104,6717,0.4775
8514,6160,0.33
3405,2556,0.8445
482,7845,0.59
3401,4981,0.655
888,9135,0.7035
602,8771,0.582
8594,7489,0.457
1926,9055,0.31
3869,7662,0.3925
7318,5226,0.321
7144,5741,0.205
710,6437,0.53
8997,1405,0.303
9662,4491,0.543
9864,793,0.291
5173,3581,0.385
150,3642,0.533
4952,5214,0.4575
6836,1518,0.413
757,7658,0.493
2104,7100,0.386
5850,7605,0.4425
7274,2013,0.45
9530,7019,0.5425
140,149,0.4955
5441,247,0.405
9962,1701,0.285
1234,6466,0.335
7304,2921,0.345
5676,7541,0.316
1261,2354,0.5235
8752,8872,0.7165
9054,3575,0.6575
9092,5669,0.2335
3840,7849,0.4285
7851,8464,0.535
5077,3291,0.442
2246,8288,0.4625
2880,361,0.155
4012,4325,0.32
2099,201,0.3045
8078,5497,0.3495
2022,1687,0.119
33,687,0.715
7136,9664,0.315
3131,6811,0.7175
9230,5063,0.385
6883,4619,0.3595
5529,3667,0.56
6243,749,0.55
6434,5655,0.2635
6272,831,0.645
7553,6853,0.4555
6009,5823,0.46
938,1565,0.56
7601,8923,0.304
227,7646,0.52
5113,7929,0.795
4807,9049,0.484
2063,3788,0.3385
656,6682,0.4425
3,6709,0.57
4587,1112,0.388
5389,6878,0.4695
2410,6702,0.46
6120,9087,0.411
9428,4390,0.353
1802,227,0.455
4307,9926,0.603
8936,9618,0.2575
6087,327,0.615
8586,352,0.352
9763,4059,0.7835
1906,6927,0.605
7828,1375,0.685
8075,2989,0.201
4054,1266,0.344
2912,8011,0.4585
6918,5146,0.485
6380,7882,0.2635
2161,572,0.503
9274,3965,0.4
1831,6604,0.4795
3599,498,0.205
2053,10000,0.4045
8596,6770,0.3225
2391,2146,0.258
1110,2754,0.4275
6556,2192,0.435
7200,1861,0.5275
1900,8867,0.367
5822,2787,0.4675
4241,3790,0.5775
1919,7341,0.292
6362,4373,0.532
2169,3306,0.505
3850,6975,0.433
9600,4424,0.495
1238,8514,0.125
4311,7757,0.54
5817,1303,0.385
6037,6063,0.3315
4286,7833,0.3375
2906,1647,0.251
1377,8142,0.53
9280,3340,0.5125
6042,5277,0.3515
690,1385,0.64
3865,9382,0.2365
9937,7520,0.56
2751,6604,0.435
1815,1934,0.33
2764,9103,0.405
1295,396,0.2415
4093,6296,0.255
5674,7985,0.474
9295,8629,0.6835
1469,7304,0.479
2113,9804,0.355
1996,305,0.2095
5014,2669,0.305
7633,5723,0.281
3429,2293,0.508
8242,1266,0.229
8811,4374,0.336
9402,400,0.455
711,9194,0.3325
5637,9095,0.5095
1787,9772,0.515
5680,6696,0.6525
1941,1292,0.818
2129,4886,0.58
9593,264,0.38
87,8181,0.4675
2967,7859,0.3495
5282,7850,0.59
9776,403,0.235
7083,8252,0.707
9915,6087,0.4985
3175,5090,0.447
6666,8795,0.335
7940,6926,0.131
6415,6869,0.415
3511,5195,0.43
4226,675,0.4675
5636,6298,0.4075
8853,6159,0.445
7402,1623,0.441
7293,496,0.34
7783,6766,0.295
6584,9104,0.3755
911,3140,0.405
1057,6670,0.515
5230,5298,0.323
8401,1325,0.407
1489,6870,0.475
8262,5732,0.415
8695,3171,0.2725
691,5284,0.382
6284,1969,0.622
6803,9117,0.325
2738,6414,0.1635
4495,8616,0.221
8706,8823,0.392
8946,5254,0.455
8275,8093,0.865
661,6290,0.48
3572,5847,0.28
9673,9085,0.31
6052,420,0.9875
497,6231,0.236
3637,440,0.345
8944,2776,0.505
8274,3758,0.305
2364,1305,0.5535
8436,9471,0.505
1836,8071,0.58
6193,457,0.347
6253,1199,0.465
6045,5425,0.28
2669,7921,0.384
2811,1595,0.2475
9945,1062,0.43
1734,7226,0.499
7388,8524,0.325
7178,8200,0.5405
8033,4384,0.283
6625,1684,0.299
2611,9846,0.4595
8119,8716,0.427
1168,3981,0.195
6061,886,0.474
5626,4418,0.5755
468,8099,0.428
5922,2129,0.3735
2496,9282,0.3715
171,1155,0.505
5260,9145,0.371
7928,9434,0.3725
103,9994,0.4215
1317,2360,0.655
67,9535,0.505
9019,1350,0.56
3297,2758,0.385
3078,9075,0.227
5710,7486,0.365
5207,1427,0.37
2406,6493,0.516
8283,5971,0.2425
4610,3072,0.8525
9171,9476,0.57
2155,3363,0.4275
5795,3955,0.4335
835,9609,0.2445
8132,7429,0.4295
6296,4075,0.4685
2788,7737,0.495
1803,6393,0.325
2944,4416,0.74
2121,1586,0.461
6804,4088,0.465
1650,3404,0.6135
4883,5458,0.4125
630,4279,0.55
2219,2407,0.3945
9880,1102,0.53
2523,9132,0.4645
8065,1385,0.4575
142,4933,0.4675
3130,6305,0.3465
7167,4749,0.41
4439,5385,0.61
4144,4826,0.241
1719,7408,0.695
9923,1968,0.329
3993,9871,0.3035
2886,4156,0.146
3310,4413,0.30025
92,3725,0.429
1626,3195,0.2965
5648,8073,0.38
6553,1305,0.4345
7138,4074,0.32
4876,5784,0.8185
5335,5567,0.414
3631,4423,0.45
8388,9136,0.43
3662,5647,0.35
8068,8838,0.355
6325,3877,0.44
284,5967,0.335
6021,7047,0.555
2640,1126,0.353
699,9825,0.5025
3995,1703,0.405
6830,4737,0.457
3587,9360,0.4375
9442,8754,0.377
8690,5572,0.4825
3188,3326,0.473
1527,8688,0.505
2219,1741,0.859
4593,5468,0.207
319,7661,0.464
9642,3227,0.3125
6642,7449,0.4195
3910,8372,0.233
4427,9886,0.5115
4770,3463,0.47
6557,9314,0.175
1800,3217,0.58
2531,2477,0.297
2813,2716,0.3225
8226,4646,0.415
865,1904,0.463
5382,94,0.461
4561,7706,0.406
9728,3358,0.4385
7156,9012,0.49
3873,12,0.345
656,5489,0.727
4341,5234,0.52
716,2027,0.316
7263,6993,0.51
450,2720,0.6335
6197,823,0.605
617,178,0.385
7110,1666,0.755
8573,9374,0.523
6088,5414,0.397
5145,733,0.505
4664,9768,0.5525
4070,8868,0.436
2140,7273,0.2585
5362,6715,0.345
6778,9750,0.5725
9071,7797,0.3025
3949,7431,0.396
1650,256,0.525
5924,5824,0.3075
838,6671,0.4685
5043,7717,0.562
1199,4538,0.212
5375,6008,0.335
7093,9841,0.2975
8974,1253,0.464
1387,5009,0.2875
643,1925,0.282
6761,8200,0.4285
977,5592,0.395
9702,2929,0.46
870,5296,0.391
6527,9905,0.48
9945,8235,0.4235
6230,9146,0.476
2520,641,0.4045
1910,7072,0.5235
8380,1252,0.655
6670,3280,0.507
3466,5140,0.4685
8010,7301,0.391
2334,8103,0.4955
1666,6098,0.57
4330,9897,0.374
1301,8618,0.58
4842,717,0.57
4460,2636,0.2175
5013,5560,0.466
3891,6664,0.43
428,578,0.2115
6042,6556,0.58
9168,465,0.3635
7007,8243,0.329
3663,5811,0.739
3071,4867,0.3715
1908,23,0.419
7849,2241,0.545
1372,9568,0.785
4978,4666,0.3355
8967,3201,0.5235
9644,2338,0.4785
5965,2117,0.557
8538,9278,0.435
3994,4364,0.5625
5771,9958,0.586
938,9339,0.3685
3941,1296,0.3095
1723,8770,0.5285
9077,3986,0.4675
7709,9453,0.295
4236,7472,0.4845
8411,8294,0.2935
651,5920,0.805
2029,4164,0.47
6955,1453,0.337
4221,5196,0.3195
5476,5186,0.5095
9882,2163,0.405
6475,2580,0.346
7389,4323,0.351
3568,8124,0.3575
2474,9785,0.251
7862,8460,0.355
2420,2095,0.395
2580,2136,0.2575
134,7618,0.3465
1202,3867,0.2615
7900,9776,0.485
1615,8382,0.197
1390,6727,0.685
1024,7632,0.303
5325,4282,0.37
3454,4451,0.5445
7608,5527,0.385
85,9589,0.74
9917,7808,0.33
1852,6576,0.54
8009,9310,0.4
9384,3231,0.394
5372,2176,0.338
2747,3641,0.195
2853,2591,0.1895
2774,3099,0.22
6456,818,0.373
1794,3642,0.511
3078,7133,0.515
9687,6497,0.4125
9032,2224,0.2775
8781,4105,0.3965
7741,2668,0.29
6164,2725,0.44
7960,6244,0.84
3351,1482,0.346
5079,5070,0.3565
2745,4928,0.335
3616,5992,0.4085
7200,7518,0.3325
8265,8339,0.421
6422,6435,0.435
9824,750,0.505
5938,7913,0.342
1241,9340,0.475
2110,7400,0.555
9036,9541,0.515
7733,563,0.1795
5057,9106,0.2975
357,555,0.5375
663,4312,0.35
1635,2154,0.515
6896,5421,0.5475
8517,5962,0.381
3732,3506,0.4815
3052,8371,0.5915
6784,7480,0.476
572,9017,0.32
9080,4045,0.429
5183,955,0.472
3912,4654,0.505
4265,402,0.168
9385,4913,0.495
9046,9109,0.2025
6807,5825,0.295
3564,506,0.558
9395,9290,0.455
9172,9536,0.597
4088,9823,0.725
9962,3916,0.484
1881,7828,0.515
2602,9421,0.555
355,6819,0.245
6666,4168,0.504
8173,4645,0.517
5400,8317,0.514
8856,3044,0.225
4028,1292,0.385
9217,5518,0.2885
2095,421,0.316
4601,6564,0.376
413,446,0.405
4745,7656,0.37
9243,6261,0.77
6494,2747,0.645
9898,8374,0.505
7703,1742,0.41
2749,5680,0.7125
1806,6205,0.434
5935,2157,0.85
531,4202,0.2795
9756,5718,0.4
2302,8051,0.2645
7511,4467,0.626
8809,9888,0.3995
3504,4625,0.3345
9661,4051,0.325
9311,1219,0.625
1107,3179,0.375
3246,7212,0.565
1826,9996,0.325
4719,5,0.492
4896,3703,0.259
2590,6377,0.57
1134,1613,0.544
3646,655,0.315
1512,9534,0.478
8508,6196,0.335
4090,6013,0.5325
32,8285,0.49
4350,856,0.3375
2920,1561,0.4475
6330,5830,0.377
6918,5444,0.27
1862,2459,0.395
4167,9821,0.3235
5979,3944,0.618
4979,4715,0.495
3261,5144,0.274
6646,6618,0.354
115,3818,0.54
2543,3698,0.557
8939,870,0.5365
1495,779,0.405
6159,9911,0.445
6389,7653,0.378
2709,5577,0.5415
3747,2380,0.53
8657,2449,0.5885
1029,9594,0.3785
571,2695,0.56
4465,8209,0.25
4028,2527,0.46
45,9573,0.515
3649,3990,0.462
1376,7888,0.345
2146,8032,0.497
9377,8927,0.4395
5042,4032,0.4075
5976,3161,0.123
8733,1883,0.43
2010,1351,0.448
6769,7559,0.335
8583,1086,0.4745
2070,34,0.4085
9210,455,0.165
5547,1401,0.46
280,9673,0.346
7731,882,0.71
2105,9004,0.415
841,7519,0.725
7700,2248,0.475
1535,1243,0.3545
8735,1479,0.879
721,7202,0.445
6973,5895,0.5365
3519,6499,0.521
8738,7866,0.407
6487,526,0.515
9595,1827,0.565
9825,2146,0.367
6284,3285,0.545
3772,8056,0.425
1382,4480,0.865
5884,7128,0.348
6922,9101,0.58
5815,7805,0.485
7595,4313,0.1595
7122,9345,0.2985
9693,918,0.699
9741,5431,0.55
4201,122,0.505
579,323,0.331
295,1459,0.545
3569,2387,0.2525
9607,3055,0.361
1602,2932,0.385
8089,7978,0.2375
6246,7283,0.2595
5633,3214,0.4335
5947,1976,0.181
3910,7176,0.4315
8199,3726,0.5645
7164,4649,0.284
3022,9616,0.605
6994,6605,0.3475
6295,5208,0.525
5849,76,0.2835
4299,3318,0.375
611,5160,0.385
3795,791,0.4555
5350,7892,0.3735
7146,6433,0.537
9675,9865,0.234
2578,237,0.3465
1687,1717,0.645
361,9870,0.457
1263,915,0.44
556,8091,0.4575
8358,3552,0.349
5237,2760,0.37
8094,7249,0.44
842,1804,0.775
1889,3043,0.5095
513,4620,0.292
8111,3564,0.3545
7278,9005,0.3675
4924,1454,0.2775
5913,1447,0.47
8017,5618,0.654
6386,1264,0.395
1567,6849,0.355
8787,6756,0.465
5712,4622,0.715
1789,6622,0.475
2322,6307,0.306
6428,7747,0.2815
6404,2069,0.44
196,7611,0.251
8639,1592,0.409
7416,4733,0.2435
1123,7913,0.439
5948,3177,0.665
7957,8308,0.67
7230,9969,0.4455
6565,7622,0.415
6240,8986,0.408
3811,1390,0.2475
9362,1683,0.56
4067,9742,0.495
8814,4805,0.4175
274,7702,0.47
8373,5506,0.407
8770,5026,0.257
2597,9507,0.495
9657,2613,0.403
1099,7229,0.382
1976,8769,0.3365
5521,1031,0.735
4665,8653,0.396
9756,8325,0.395
4485,2797,0.434
5289,3495,0.56
5989,6787,0.286
3841,6094,0.427
8247,8882,0.2765
9972,4775,0.291
427,144,0.913
6246,8333,0.1925
681,4054,0.3
8572,6099,0.434
504,3301,0.449
8623,879,0.362
9316,2199,0.3595
5910,3841,0.565
5401,4090,0.53
9287,815,0.38
5729,7487,0.49
2890,7618,0.2545
3077,8892,0.39
9630,8327,0.4025
693,7884,0.355
5142,8405,0.435
2150,7537,0.314
2360,1415,0.2475
2134,4642,0.309
9858,6666,0.755
3294,1684,0.525
3312,9656,0.243
6403,7397,0.475
5924,8245,0.383
9734,3766,0.409
678,5513,0.4745
5989,5795,0.531
6972,5151,0.39
3083,5261,0.235
2060,7671,0.42
5139,7040,0.4675
1349,3162,0.4015
3603,6253,0.705
618,6957,0.455
9781,6448,0.29
5612,9823,0.2765
6783,1860,0.355
5067,6849,0.409
8081,1493,0.4335
9063,2274,0.405
670,8699,0.166
8570,1550,0.342
2010,4063,0.466
2947,9296,0.295
6007,8526,0.355
7111,5817,0.635
687,1909,0.434
7437,2026,0.476
5638,5320,0.5545
5892,5436,0.3085
4260,2880,0.755
3626,8037,0.4375
921,2548,0.281
2419,1448,0.61
7866,7383,0.383
9455,5404,0.3675
4706,4454,0.637
2428,7997,0.435
1454,2375,0.445
9274,1181,0.655
244,1888,0.42
4279,9861,0.505
360,8283,0.71
8825,4968,0.3985
7216,1533,0.685
7565,7821,0.525
5723,8749,0.715
6572,4149,0.3755
3751,3196,0.5475
9342,594,0.285
96,3748,0.3425
8615,44,0.3075
8180,1519,0.437
4263,8859,0.625
5442,3968,0.388
8529,1170,0.655
6527,9989,0.679
5896,2581,0.465
7659,8593,0.317
8851,853,0.6965
9432,2084,0.1975
6913,3644,0.2555
3348,9459,0.355
5105,9530,0.3425
3911,8403,0.57
7483,9487,0.605
1672,169,0.2855
2262,7248,0.195
6617,7311,0.2155
6650,2695,0.468
3973,7230,0.4615
7275,9708,0.45
8697,3903,0.3365
2392,7702,0.4645
3310,3225,0.3375
8125,7636,0.243
2625,3559,0.5125
370,3579,0.446
9373,9894,0.517
2945,4572,0.444
129,8304,0.466
8868,4263,0.5895
341,4916,0.395
8680,6344,0.285
7158,8394,0.615
1195,9832,0.465
9485,6058,0.3085
2435,4882,0.5225
1227,8788,0.511
9325,2991,0.411
6758,6422,0.207
8405,6263,0.437
2128,9492,0.261
8236,5421,0.5075
1968,1612,0.69
7676,9807,0.448
3503,8644,0.62
7919,9826,0.345
2877,992,0.2085
3909,1027,0.263
7878,7227,0.315
9849,3251,0.457
2707,4527,0.4375
8772,6764,0.509
8275,4985,0.3545
1281,8273,0.79
4856,3364,0.4495
4402,7163,0.805
3627,9384,0.53
7871,3429,0.575
1897,9896,0.355
4798,99,0.44
2661,9993,0.335
8226,6153,0.395
7282,4992,0.7225
3546,7592,0.44
2121,8384,0.516
3214,9851,0.463
9337,4486,0.295
3270,1381,0.2325
2963,6455,0.2875
2523,7897,0.3775
8741,7040,0.91
4805,7202,0.292
6195,2340,0.746
8345,8974,0.4085
7871,219,0.58
8773,6862,0.59
9833,7900,0.245
7565,2838,0.69
3379,5176,0.4665
9916,7096,0.575
3049,4428,0.4965
5870,9938,0.605
468,9979,0.3565
3964,9307,0.495
2494,3541,0.082
5301,2762,0.47
2680,6415,0.437
6376,5772,0.3975
177,8666,0.446
6435,9742,0.207
1790,1484,0.434
9172,2265,0.69
9761,3527,0.475
9197,284,0.253
4611,3598,0.3225
7557,3374,0.3085
9037,215,0.56
6384,2949,0.43
9088,1249,0.5835
9202,8772,0.442
1922,9772,0.59
4568,6316,0.2955
8949,8925,0.5955
4023,4911,0.44
654,9263,0.4885
1427,3707,0.453
2842,8750,0.462
7602,2800,0.5785
1325,4165,0.3735
9874,2059,0.44
2295,9134,0.292
666,6196,0.343
7340,5612,0.44
7195,6669,0.2395
3903,1357,0.78
7993,4273,0.3875
5064,1098,0.5135
9073,7299,0.435
785,1407,0.31
9408,6602,0.545
7554,3259,0.3685
2523,8443,0.2755
9990,8285,0.36
3538,1147,0.275
4663,5106,0.259
5063,1147,0.1275
9341,7676,0.244
9619,7344,0.324
3041,6935,0.222
5058,462,0.535
9396,6989,0.388
1815,2458,0.31
7748,1466,0.2645
7389,7861,0.405
8679,1990,0.4615
2459,3255,0.5665
1792,4751,0.5475
8100,1948,0.207
826,4900,0.361
6941,1998,0.357
5622,4247,0.4575
5986,3476,0.15
9641,182,0.317
9161,8411,0.765
3611,2732,0.497
4348,2859,0.455
1766,7148,0.4625
1025,9694,0.475
4020,2026,0.2865
4015,8979,0.517
2916,1332,0.3335
2786,1289,0.3355
1979,4115,0.475
7122,6991,0.442
232,9444,0.235
7263,1582,0.745
2233,7554,0.455
2409,4193,0.4215
1278,8797,0.7345
6926,9727,0.265
5582,5968,0.498
6780,7755,0.3455
9953,9355,0.495
4596,1802,0.735
5165,4291,0.2425
3968,2601,0.569
8577,6667,0.317
9303,1114,0.415
1054,9923,0.325
5696,9609,0.263
9713,6878,0.4435
8113,5016,0.232
9064,4572,0.51
7275,2201,0.445
9381,1121,0.24
8492,5392,0.4465
4524,9248,0.399
4331,8694,0.695
312,4344,0.3085
8502,5402,0.565
8436,8114,0.345
9118,283,0.332
1665,9714,0.271
5812,1403,0.6215
9028,4312,0.255
2894,4435,0.66
8852,1141,0.525
5835,7996,0.489
5901,3701,0.3685
5105,5123,0.33
3461,7017,0.5475
7716,931,0.705
9711,490,0.86
8253,3634,0.496
8620,8025,0.62
6533,2236,0.3595
128,5611,0.51
2360,6200,0.462
3007,2309,0.405
485,6040,0.3725
2828,8525,0.507
2399,4253,0.413
9751,7862,0.545
2201,3545,0.45
1701,7652,0.562
8485,4292,0.4225
6403,6166,0.594
4209,1937,0.3715
7652,1057,0.371
3313,8691,0.435
2307,6944,0.2575
9294,6164,0.41
6185,4719,0.4475
424,8687,0.78
4198,2184,0.276
6356,9027,0.2635
5661,4580,0.3795
4113,7543,0.54
2789,3603,0.3935
5371,6068,0.61
5142,1955,0.67
3714,5477,0.305
6739,6629,0.394
4831,2474,0.3035
5877,3865,0.7425
5908,4500,0.436
7311,4562,0.3745
4597,9744,0.219
6145,4459,0.615
6396,826,0.705
4290,421,0.451
5583,3199,0.385
7310,2557,0.82
422,9219,0.426
1186,7921,0.5125
3908,277,0.445
944,9689,0.23
714,2292,0.515
310,7593,0.204
7591,2297,0.3355
3933,5226,0.205
8526,8602,0.315
2989,3620,0.475
5316,4871,0.665
150,4465,0.367
8305,8488,0.484
7844,8627,0.275
4734,5257,0.405
4844,4745,0.46
6579,7694,0.43
4398,2233,0.435
4356,5234,0.4655
1126,7030,0.335
8580,7597,0.31
5036,9838,0.2285
5437,6814,0.353
2957,4278,0.352
7947,921,0.265
2015,8013,0.5165
6452,8179,0.518
8620,2531,0.835
771,4609,0.346
7797,3794,0.29
5767,5283,0.665
5573,6213,0.401
1352,206,0.337
7747,9416,0.371
9637,3474,0.77
3218,3722,0.8975
8938,8617,0.2465
9630,5441,0.605
4276,7380,0.2125
8747,3422,0.49
3895,757,0.33
2508,9950,0.2035
1983,4277,0.5185
2772,311,0.404
5573,7569,0.7
3893,4911,0.423
4221,8643,0.594
8819,4804,0.488
4171,8765,0.41
2165,5624,0.47
602,6505,0.415
4130,5503,0.492
7595,848,0.297
7686,7482,0.537
6239,4439,0.305
4913,7166,0.4145
58,8401,0.344
9827,8970,0.2365
498,4550,0.507
8025,3519,0.255
4795,2639,0.663
829,8899,0.345
6738,6066,0.406
3232,7079,0.59
6375,8864,0.27
1994,5313,0.32
9338,4824,0.715
7464,4256,0.4225
7596,3863,0.435
5633,622,0.484
5793,2540,0.497
8948,3033,0.4535
7207,7153,0.615
5170,8561,0.1325
292,3928,0.4685
8305,3551,0.438
6376,1624,0.432
6263,542,0.365
6240,883,0.1745
8570,1481,0.3975
882,5277,0.435
8792,1565,0.3835
5941,5296,0.68
7536,5913,0.261
2923,2811,0.383
2881,2069,0.378
2920,8499,0.3765
275,5273,0.715
8451,300,0.1725
7516,2442,0.4165
5841,8052,0.46
67,5426,0.7115
4758,1104,0.2275
9992,9939,0.485
3299,5266,0.308
1950,2330,0.8475
3839,2624,0.47
7684,1619,0.36
1585,11,0.5345
6767,5395,0.38
7894,4004,0.434
3548,8713,0.5925
8949,9820,0.547
6861,1571,0.482
8275,2802,0.5625
8191,3952,0.505
9653,470,0.3925
2492,9331,0.446
1481,9795,0.4495
2289,9165,0.415
2537,6430,0.393
5203,9908,0.25
5611,1878,0.437
7584,3179,0.2925
3170,9110,0.475
5586,4633,0.44
3586,4145,0.2965
6203,1631,0.7355
9327,719,0.4815
523,245,0.254
590,3752,0.3115
886,4173,0.53
1980,7753,0.4815
6870,648,0.455
1888,892,0.516
4486,2675,0.5725
3447,46,0.515
5344,3462,0.525
5430,1050,0.457
7945,3069,0.345
7023,9854,0.805
8952,262,0.68
2894,2080,0.725
6705,575,0.77
9194,3883,0.505
3422,788,0.305
8954,2854,0.414
88,8008,0.392
860,4185,0.397
8546,8326,0.47
3570,2438,0.3225
2170,1992,0.247
9212,722,0.33
5213,3274,0.63
761,288,0.4
8435,9831,0.3825
5908,9538,0.38
7806,8681,0.349
3955,952,0.228
5769,4570,0.5275
5278,2397,0.5125
8081,1034,0.2985
7076,493,0.7015
3777,4645,0.785
1525,6014,0.2885
7118,3980,0.379
192,6339,0.3635
9407,7361,0.5565
9339,4591,0.325
6974,4781,0.3255
96,4985,0.512
5749,3454,0.254
6901,1473,0.535
2438,5335,0.4235
9391,7165,0.398
1517,8008,0.345
2579,6975,0.4915
6625,8985,0.456
7038,5585,0.419
8442,4832,0.695
7895,2124,0.56
6677,5847,0.376
8571,7246,0.327
6086,9704,0.5025
3194,5609,0.4575
9653,4690,0.55
3885,4157,0.48
9812,796,0.5305
4806,4845,0.446
2471,5303,0.265
5894,6731,0.385
5214,4118,0.5335
863,3313,0.298
3577,2722,0.369
7493,4219,0.23
6654,2828,0.7285
6499,1502,0.565
7356,8784,0.72
620,1184,0.267
5357,9758,0.195
8169,7809,0.4555
8978,8851,0.383
1731,3453,0.334
9066,3807,0.36
4946,7006,0.6425
4535,2363,0.3975
5013,7130,0.385
968,3043,0.305
8824,4129,0.3655
3529,458,0.734
5793,8913,0.53
8578,5822,0.485
740,967,0.2035
6155,7847,0.4835
4508,56,0.384
6896,1973,0.595
3017,4785,0.245
7189,2356,0.547
5627,5581,0.168
7884,9099,0.531
7580,1180,0.415
6808,8524,0.405
1219,5708,0.394
5879,1315,0.2775
4533,2463,0.28
2472,8845,0.515
5039,9132,0.37
7710,6161,0.355
91,7446,0.495
4190,945,0.391
6473,8229,0.347
3395,7096,0.46
6276,2349,0.3165
4490,8017,0.755
1645,8668,0.355
3536,2721,0.5025
4426,8897,0.3955
5938,4352,0.5675
2065,9962,0.215
712,2977,0.6155
7343,3118,0.4415
9467,1043,0.592
2366,782,0.331
3358,7534,0.3915
5796,2267,0.3445
8922,1638,0.62
4003,8552,0.5245
6004,3577,0.3535
5905,6139,0.428
6286,294,0.3555
7401,7447,0.37
7888,1027,0.465
1154,8174,0.46
6307,7157,0.545
7698,1398,0.338
2815,9251,0.63
654,3739,0.4235
9176,7020,0.639
1201,6533,0.311
1117,7958,0.3775
1328,6741,0.569
8119,5744,0.4765
4365,8565,0.32
2277,2981,0.29
8779,6511,0.455
7268,1324,0.705
5723,5609,0.55
6546,9666,0.415
9027,2527,0.474
386,5268,0.325
5830,5272,0.2025
5101,7634,0.475
7927,82,0.3645
2469,4922,0.307
5381,695,0.3445
1820,4791,0.3565
3835,9352,0.4275
6437,7719,0.56
3770,7912,0.344
7556,765,0.195
6929,4979,0.381
2979,9128,0.715
5033,4505,0.419
4679,9186,0.278
9594,940,0.57
2800,6271,0.3775
9607,9319,0.4465
9003,1040,0.605
9623,621,0.3645
6711,3309,0.575
8615,9302,0.44
372,8125,0.3675
1808,3794,0.2785
805,1944,0.2575
2815,8735,0.805
5140,3017,0.5645
7790,9549,0.317
604,1383,0.406
4960,97,0.4055
1801,7637,0.4425
6227,9085,0.409
6485,7695,0.4265
9085,7729,0.51
7695,1755,0.55
1069,1549,0.463
2962,4300,0.44
7511,6340,0.4525
9148,4441,0.24
2106,5592,0.4385
6064,3806,0.565
9417,3708,0.2475
4119,6439,0.294
7247,474,0.3575
5945,1747,0.2815
1669,4780,0.505
400,5230,0.74
7091,1375,0.46
5734,4382,0.555
1716,4026,0.442
705,6385,0.371
6270,9678,0.22
3512,5772,0.404
3482,6907,0.79
3944,8618,0.3985
8760,8799,0.484
1447,8909,0.5525
8855,2724,0.407
4351,9261,0.3575
1309,5725,0.3985
163,7043,0.35
6887,380,0.4675
760,2915,0.505
4443,8746,0.6145
1332,833,0.3745
363,9086,0.56
8847,6014,0.1715
9695,4053,0.595
4193,6166,0.53
7903,7941,0.572
771,9114,0.464
4892,7062,0.27
560,6767,0.565
1584,6233,0.445
1635,6638,0.4825
809,351,0.532
1824,1916,0.32
6518,3015,0.3625
6223,302,0.296
7585,7844,0.534
9393,7004,0.3495
654,60,0.4625
396,3994,0.43
2848,3412,0.4185
4886,3705,0.4845
8296,2164,0.665
2973,5132,0.285
6432,5133,0.365
6586,753,0.509
9142,270,0.7185
3941,6675,0.505
4235,6615,0.683
5890,2307,0.515
8139,9656,0.1515
5837,9974,0.57
204,6623,0.575
9803,5850,0.5125
6800,8771,0.484
3177,4528,0.4565
7836,6345,0.535
1541,6704,0.435
7154,8819,0.493
4009,1419,0.425
3114,8960,0.47
9699,994,0.43
1185,2594,0.4415
1894,2882,0.354
3671,826,0.485
7603,6202,0.38
9732,2705,0.308
3959,4687,0.397
944,8487,0.416
2417,2949,0.3165
5935,5843,0.436
1611,8192,0.55
511,1521,0.5465
7645,6902,0.352
3405,1173,0.59
560,5197,0.225
8742,6941,0.448
3191,2432,0.514
8471,1781,0.395
3036,552,0.485
4932,6707,0.4225
4904,6080,0.464
2710,6435,0.3215
9323,3193,0.338
857,326,0.355
2644,4731,0.615
9952,3193,0.2735
4406,4904,0.4215
1610,3895,0.3275
2945,4475,0.535
6151,9866,0.405
92,392,0.603
8386,3223,0.367
2361,8017,0.48
6952,518,0.451
3520,8077,0.55
5547,3070,0.3875
5718,5390,0.53
7763,4486,0.305
3374,9730,0.52
1872,7211,0.4315
8523,9561,0.545
6155,2684,0.62
7685,3403,0.622
5709,4046,0.31
7588,5925,0.547
7901,9645,0.47
533,899,0.384
8609,14,0.81
4382,9955,0.4115
6529,2254,0.442
3306,6398,0.36
6977,6177,0.462
5757,2281,0.5145
7900,9882,0.435
7769,9265,0.3545
3902,6434,0.69
4535,4559,0.235
2042,5839,0.6895
5961,4158,0.564
4958,232,0.3775
6772,1206,0.695
7783,8551,0.47
1488,1103,0.27
9830,3400,0.655
4107,7960,0.575
1349,1725,0.446
346,3857,0.67
2767,6331,0.295
6807,3522,0.6185
6774,1767,0.395
5903,1614,0.405
4542,484,0.356
9419,3159,0.3135
8683,3073,0.3065
9061,3191,0.134
206,5449,0.475
5939,1555,0.32
496,4933,0.434
8927,5031,0.4965
37,7976,0.427
836,4879,0.3145
4301,6798,0.618
3957,7935,0.5575
4261,7354,0.3985
3848,3003,0.422
6698,2561,0.308
9650,8027,0.433
8089,5711,0.223
4089,9084,0.4205
3124,3185,0.496
4202,7026,0.7225
279,9278,0.44
9168,1275,0.4295
897,753,0.497
1638,1766,0.3885
1117,9344,0.4495
5506,5573,0.5655
3587,5360,0.3955
7767,8197,0.795
2609,4266,0.47
7401,2668,0.3245
8569,4435,0.455
419,1784,0.4425
5757,2960,0.479
2877,2189,0.295
6132,3253,0.59
2799,6665,0.415
6352,5974,0.337
7574,7706,0.386
145,1904,0.462
8072,9570,0.23
1920,3811,0.53
5505,3058,0.334
8343,7954,0.705
5950,4883,0.334
6830,9705,0.486
2760,8059,0.4545
9484,406,0.29
4376,9831,0.209
7985,1138,0.293
5830,3167,0.3275
3889,165,0.44
467,1805,0.2175
6725,8899,0.274
4443,6436,0.5025
3609,5068,0.2075
2701,6271,0.4525
42,1950,0.584
2943,9288,0.338
1773,6237,0.565
3401,6400,0.465
9632,8235,0.548
3124,3735,0.651
2276,7623,0.388
4431,149,0.3865
3447,3211,0.58
1857,966,0.4225
7312,6802,0.445
3809,2683,0.555
2719,8401,0.4215
4322,664,0.95
5379,3515,0.251
3059,8472,0.49
2712,9286,0.4225
817,4527,0.4565
938,2989,0.401
2474,440,0.525
8766,8496,0.4945
8594,7305,0.285
9226,5416,0.615
3805,7481,0.655
6656,2678,0.55
4860,8755,0.349
435,6583,0.417
7843,6060,0.53
4214,5946,0.505
9362,8412,0.3015
918,5760,0.4645
4988,6628,0.185
9259,9709,0.715
6242,9979,0.3495
6504,1894,0.56
7340,2936,0.565
6518,4117,0.635
912,8114,0.4245
6010,426,0.3165
6167,9905,0.259
3634,7869,0.4145
1971,2311,0.349
8392,4922,0.49
6615,3,0.595
9920,1661,0.4515
2693,7791,0.35
7317,8721,0.374
6621,783,0.63
1047,5426,0.715
5266,3470,0.4215
2048,3808,0.2645
6066,4695,0.3085
3876,2831,0.295
2104,6509,0.2235
574,9469,0.413
875,4172,0.475
4792,8916,0.57
1886,4838,0.296
1260,7794,0.57
338,7987,0.421
4722,9933,0.1565
4592,4839,0.5695
1912,7204,0.277
203,8290,0.353
8315,850,0.505
7467,2150,0.267
7386,7404,0.3275
7187,4198,0.325
6136,5633,0.397
9072,695,0.317
2730,6470,0.67
9647,1238,0.52
9776,7749,0.57
1612,1184,0.3175
5679,7275,0.735
4210,4359,0.507
7026,5407,0.421
3873,8014,0.314
5720,9437,0.455
2510,7564,0.587
4394,6706,0.447
621,3172,0.376
233,7547,0.385
1828,3690,0.475
7240,686,0.338
9303,9741,0.5265
3856,8522,0.3805
6803,9396,0.47
9887,7900,0.385
8081,6720,0.89
1012,5564,0.365
4776,5202,0.5645
4505,2573,0.518
3782,4107,0.665
5805,7689,0.148
7867,5840,0.244
6620,6845,0.4015
6367,8363,0.3975
1598,8999,0.513
6694,8330,0.44
5554,1709,0.93
9416,3103,0.4875
7677,8300,0.315
1608,4988,0.2965
3634,165,0.445
1281,8990,0.88
7364,7335,0.405
5760,9944,0.4885
4432,841,0.455
3272,4476,0.448
8740,1076,0.5335
8417,1155,0.315
4243,2550,0.4185
2101,5670,0.685
1215,4465,0.3015
3559,4911,0.61
4786,8277,0.4075
2482,7756,0.375
8656,1365,0.4785
8527,9140,0.31
5976,6218,0.174
5528,7363,0.37
7977,3639,0.7
1933,9074,0.437
282,1900,0.585
7555,7558,0.3025
7937,7451,0.552
7263,4564,0.48
5265,7497,0.384
493,8658,0.37
4187,8213,0.585
7123,5724,0.425
3186,2141,0.185
7548,9254,0.595
9428,7668,0.387
4325,4810,0.8665
5260,3530,0.269
8664,5601,0.51
9774,3975,0.3695
652,2523,0.355
8155,7062,0.3225
8340,5766,0.44
3346,5139,0.514
8257,3376,0.3755
8006,9160,0.4465
2336,6318,0.77
1984,3575,0.767
6739,7101,0.407
1970,9934,0.473
23,4386,0.55
4577,44,0.357
7680,7759,0.433
5809,1426,0.6335
8042,5045,0.685
8621,2394,0.41
2076,8107,0.3685
5540,8616,0.3995
2321,6193,0.495
4286,6745,0.365
4569,3143,0.3895
6358,8462,0.56
7447,2555,0.289
5991,936,0.1515
4130,1437,0.592
231,3991,0.455
27,8118,0.595
2242,286,0.53
3113,857,0.245
8138,9991,0.3215
4564,5094,0.336
3528,2021,0.3385
4643,2970,0.405
9432,413,0.3115
5961,456,0.339
8062,8527,0.353
7469,9654,0.4375
6427,1466,0.395
3435,1464,0.393
3153,6052,0.547
8972,6061,0.372
5609,2387,0.349
2497,2353,0.3935
9694,2172,0.509
756,4458,0.2295
8880,67,0.448
2093,2299,0.55
6514,7137,0.317
8695,2605,0.293
2988,3437,0.445
5452,1246,0.3025
1350,3928,0.4375
8039,3917,0.4145
3809,2951,0.575
7820,8415,0.3135
648,4131,0.57
6440,6376,0.5845
8146,5187,0.485
2070,3530,0.416
8399,5980,0.4845
6153,931,0.371
8590,9517,0.61
902,7546,0.435
8837,9373,0.425
8234,7034,0.466
8196,5298,0.39
2254,2524,0.475
2461,7922,0.414
867,796,0.515
422,3445,0.4535
2156,3109,0.53
5681,8053,0.385
460,9813,0.325
6723,2974,0.2825
5620,9950,0.415
9531,8634,0.745
1033,5391,0.52
8545,4708,0.2975
6433,7721,0.164
2371,9295,0.47
5026,1344,0.3745
3667,3353,0.53
5941,9551,0.715
5358,8545,0.584
4222,6702,0.4805
8957,7413,0.3835
7937,4216,0.382
3066,7560,0.4415
9794,3196,0.25
9159,2902,0.467
9525,7851,0.1745
5146,2668,0.275
3562,4446,0.555
5148,9541,0.315
2205,4516,0.3785
4219,8037,0.4125
2835,3915,0.5275
5178,2791,0.504
1162,2103,0.1155
3471,9036,0.3285
9849,5916,0.3195
8664,2637,0.53
3125,4895,0.44
5382,1001,0.365
104,7454,0.413
7859,7052,0.305
3469,271,0.23
2264,6961,0.7365
5033,8384,0.3395
6297,9739,0.43
5485,6897,0.87
9335,6292,0.27
4037,9556,0.405
3299,9547,0.445
2270,7481,0.515
4987,8847,0.34
8285,4599,0.724
4432,3176,0.5525
8260,3382,0.4465
32,9247,0.3765
6058,2597,0.333
5856,8701,0.385
7585,2834,0.3035
7336,7152,0.395
7870,1784,0.419
6268,7798,0.3775
1124,65,0.425
5953,2773,0.371
3001,7773,0.47
566,7190,0.505
2349,5077,0.449
3539,3720,0.433
1264,3569,0.2965
3509,3298,0.315
9937,3630,0.775
5624,1868,0.385
6243,8024,0.63
7740,12,0.2555
2624,1808,0.3175
3245,6257,0.415
3833,4103,0.31
7504,3873,0.3265
7179,3260,0.485
9536,7028,0.655
9990,398,0.35
7780,932,0.405
5355,5152,0.295
5028,6298,0.561
5374,9468,0.367
7468,2903,0.3975
8067,4290,0.395
9750,2257,0.445
453,6432,0.535
5624,1220,0.3665
19,5024,0.31
7043,6401,0.305
6190,4896,0.216
7833,7553,0.6325
1208,4464,0.435
6721,9644,0.4655
8628,7540,0.605
4530,8971,0.745
4325,4762,0.66
1277,9009,0.434
1200,9634,0.3675
3682,8306,0.38
7675,4064,0.258
5422,3308,0.3715
4734,1911,0.4065
5931,2346,0.505
3910,3428,0.3975
7338,4017,0.536
7827,5507,0.32
1179,1394,0.317
249,5220,0.455
7057,7734,0.355
9972,295,0.332
3091,2444,0.467
7434,1589,0.1995
8036,2109,0.5375
5196,7042,0.395
4634,7216,0.288
3184,4911,0.305
9873,9266,0.401
2417,654,0.47
8822,8471,0.643
7249,9304,0.455
2070,4404,0.479
4711,3798,0.654
8313,2541,0.404
2377,1469,0.374
4511,2362,0.39
3590,5766,0.525
1305,3151,0.177
7397,645,0.5385
469,2571,0.385
9999,2629,0.81
1432,155,0.565
8506,1707,0.245
3792,8226,0.847
5664,5289,0.355
5326,1380,0.271
7387,5030,0.5345
1455,3853,0.64
5557,5927,0.287
8662,3291,0.424
1359,7011,0.2515
5024,8063,0.4235
9750,7437,0.265
4232,3472,0.4545
4989,8358,0.2495
5904,3456,0.665
5360,9893,0.725
5062,9502,0.695
8475,6326,0.455
6528,339,0.3075
300,7888,0.515
4467,6679,0.5135
1446,1871,0.4665
9142,8198,0.455
3901,2687,0.4355
8978,2346,0.51
6315,3929,0.3955
8031,1583,0.3445
2909,3691,0.38
3465,8655,0.5715
5849,242,0.1165
5204,144,0.335
6582,157,0.309
7395,4317,0.2395
6086,1712,0.5255
7771,6706,0.4385
6426,2621,0.3325
4283,5508,0.395
5500,8502,0.83
1019,1675,0.2485
6552,4094,0.553
7360,3857,0.3085
2095,5507,0.35
1341,8348,0.3085
8861,5247,0.32
456,8762,0.5475
7025,3503,0.194
212,2280,0.3975
4146,3298,0.3125
8134,751,0.43
8898,3128,0.53
4086,7784,0.675
6753,3974,0.44
8982,6830,0.4655
4226,6608,0.349
2292,6715,0.565
3436,9927,0.495
9915,9207,0.58
7616,760,0.4485
1735,3196,0.28
4485,6259,0.56
8450,8241,0.315
8050,8937,0.4665
1443,1974,0.5225
9965,6259,0.377
3803,6402,0.366
953,6307,0.4235
2952,4502,0.374
4108,625,0.49
9262,9118,0.495
6163,315,0.255
7655,8997,0.579
9838,2285,0.629
9627,3696,0.2445
3132,8594,0.465
4955,9471,0.8075
3808,2619,0.3595
2933,8942,0.3375
6482,7309,0.435
4227,2264,0.454
9808,625,0.361
1824,4673,0.3015
4850,3843,0.209
324,544,0.735
3965,2127,0.639
8347,508,0.376
8565,7312,0.2885
9932,5492,0.345
5220,1548,0.1275
8288,3124,0.4015
5850,2250,0.255
8722,33,0.47
9211,9554,0.565
3819,6459,0.139
5420,6025,0.455
8797,2489,0.56
5277,8916,0.491
6734,510,0.224
1785,1242,0.1565
3544,4353,0.557
7941,3382,0.435
3940,9970,0.317
8221,3554,0.445
8350,5839,0.348
3096,4028,0.59
1711,3669,0.515
3627,2782,0.3495
885,3179,0.215
3978,5541,0.535
2037,218,0.3135
9156,4067,0.475
3351,371,0.289
3701,1343,0.3045
2617,3059,0.365
9549,3450,0.206
725,8137,0.85
649,58,0.64
3039,9132,0.546
1716,4044,0.44
6691,2203,0.4025
2843,2922,0.47
8261,3758,0.435
3041,4280,0.246
3017,2655,0.5225
824,3248,0.391
8608,3658,0.466
617,183,0.37
3165,5930,0.3825
6693,5586,0.28
9533,2010,0.4675
8617,8303,0.4565
7001,2402,0.5975
5177,2135,0.5735
2318,2621,0.4625
1187,6770,0.265
4707,117,0.451
7445,1194,0.3365
8610,4334,0.5075
4249,7540,0.4375
2474,1252,0.476
9833,8033,0.499
3613,4704,0.2315
2219,3330,0.4225
3980,3104,0.428
2428,5046,0.465
1262,4196,0.395
5016,4569,0.8175
5807,2005,0.495
9454,6500,0.25
2056,8550,0.355
7337,6854,0.227
5257,1737,0.435
4808,7422,0.845
8181,941,0.3685
6583,8185,0.207
5628,4643,0.455
6593,5849,0.3895
9994,3201,0.79
3699,9169,0.397
5953,8934,0.203
4057,5945,0.5525
1444,9566,0.5675
622,7791,0.397
7804,9243,0.405
8933,7357,0.545
1058,2801,0.5765
4771,9398,0.44
3652,3863,0.46
8435,3378,0.6975
5465,7144,0.405
1546,9844,0.555
3874,9573,0.505
2498,9959,0.395
1347,7106,0.65
8465,300,0.4345
2413,9917,0.389
4722,4246,0.3575
6827,6620,0.1635
4610,8173,0.615
1754,9149,0.42
2993,737,0.464
2831,8014,0.4235
2031,9866,0.325
739,5997,0.295
4680,45,0.43
7571,1575,0.7275
5088,3110,0.3445
3510,1099,0.44
9555,3872,0.4225
9162,5770,0.305
5449,6176,0.474
6142,8033,0.315
25,6984,0.53
1544,7672,0.447
8456,3449,0.4375
841,9749,0.645
7940,3290,0.475
6512,9193,0.605
9201,9047,0.5415
6563,1917,0.334
8625,324,0.263
4093,3906,0.4815
312,4363,0.357
8789,4507,0.6125
7495,4428,0.38
4786,3261,0.453
1733,2281,0.455
4686,3195,0.5245
1923,1484,0.3125
9755,393,0.49
6523,840,0.515
7855,2276,0.695
929,7638,0.38
249,6473,0.3675
8836,1164,0.47
8794,4530,0.1525
7900,7565,0.3605
6723,1841,0.39
36,4141,0.4285
5906,3334,0.393
2173,4046,0.6275
3837,5058,0.505
5294,4681,0.475
8911,5617,0.305
547,9260,0.59
3807,4923,0.4715
3173,91,0.374
2587,6341,0.52
7166,6397,0.4925
5792,4782,0.5925
4667,4591,0.626
354,6032,0.485
4887,6115,0.3285
3940,8562,0.385
721,8526,0.2925
5927,264,0.529
4392,444,0.223
2085,7557,0.437
6363,2600,0.435
6657,2040,0.515
1149,5317,0.385
1420,2394,0.455
274,911,0.33
4233,1541,0.185
1510,7346,0.6445
2711,5968,0.4645
8636,5616,0.46
1523,9925,0.4925
2278,3909,0.384
6264,7445,0.4825
3367,1225,0.68
6992,4355,0.235
960,4244,0.302
2772,3871,0.437
1792,9809,0.295
5539,4239,0.8275
1607,5870,0.445
3101,7937,0.4295
8710,3575,0.5055
7562,2688,0.7475
6513,5729,0.263
7518,3041,0.2575
9691,3092,0.379
6510,3012,0.4415
8236,2089,0.59
2199,5702,0.406
5462,3775,0.44
4775,3422,0.4045
2471,7383,0.441
4239,2762,0.28
4683,1165,0.5255
9810,7545,0.59
7842,3887,0.535
9058,8610,0.435
6792,7273,0.446
150,6738,0.229
6371,3169,0.29
1461,8134,0.1785
1928,3702,0.517
453,7420,0.255
5872,4667,0.426
7581,7361,0.52
3870,1499,0.455
5498,4801,0.335
4527,5584,0.485
7348,466,0.397
2641,5032,0.385
2632,2221,0.43
2423,4284,0.355
7652,5459,0.324
6629,931,0.4625
6389,6581,0.515
3888,4214,0.335
8222,3901,0.3335
9227,3691,0.3425
63,6211,0.253
1957,1637,0.5585
9896,2721,0.385
5391,1598,0.4195
7770,1059,0.575
4426,2125,0.649
6958,9734,0.407
4203,5363,0.322
4937,6752,0.2085
841,9015,0.625
5134,3840,0.427
6994,9130,0.421
8379,4273,0.4535
4312,819,0.24
2075,3906,0.376
7281,7524,0.395
1409,5397,0.299
1416,1039,0.517
978,929,0.795
7188,6109,0.335
7711,4146,0.44
5049,4328,0.398
7397,8581,0.27
1269,5919,0.163
6608,8683,0.293
945,1573,0.395
5878,4992,0.4955
4106,3169,0.315
9646,8452,0.305
3848,6814,0.384
1526,25,0.293
7758,1555,0.365
6818,7437,0.3745
5422,2422,0.47
776,7775,0.4665
3072,1360,0.2325
5664,7510,0.315
5034,7119,0.385
828,5501,0.232
5270,3604,0.333
4857,629,0.395
3365,2525,0.3375
4277,5681,0.507
7509,5496,0.1665
8710,7612,0.274
2290,8034,0.755
6967,1254,0.525
8311,5988,0.57
2754,7137,0.46
2872,463,0.456
6349,764,0.41625
3100,9449,0.455
3690,9214,0.299
1810,8716,0.73
7601,5801,0.412
1786,1380,0.5125
8176,9635,0.1545
4205,2047,0.3455
988,1996,0.445
9657,6818,0.4815
3781,3132,0.52
9843,5470,0.385
6726,5525,0.2585
2486,894,0.5325
6729,9801,0.1345
4824,5216,0.4815
2499,7324,0.398
5910,4651,0.2845
4734,5867,0.324
2393,3905,0.407
5570,1138,0.2965
8392,4223,0.58
9082,8630,0.575
1247,5347,0.56
2166,9990,0.255
9363,5211,0.4525
355,5128,0.497
2432,6966,0.547
8249,2943,0.65
1927,4402,0.243
3221,9272,0.565
7119,4417,0.3685
6215,9051,0.805
3022,3096,0.58
3715,7016,0.2535
6169,1733,0.54
4744,9743,0.317
9336,8035,0.352
8872,5754,0.445
2242,3124,0.5255
6259,2669,0.2745
2559,3597,0.52
6800,949,0.531
3619,4936,0.44
5999,4812,0.514
6649,6844,0.48
9125,2187,0.41
2299,1760,0.29
914,7520,0.195
1125,3184,0.3375
2404,3477,0.495
8928,5651,0.362
8909,2721,0.332
901,9833,0.4325
1715,2700,0.38
3966,8347,0.545
7213,7873,0.249
4307,5111,0.671
8550,4439,0.291
7046,972,0.355
7181,8530,0.44
391,4466,0.405
3174,6221,0.351
7143,8979,0.56
2284,6541,0.344
3254,5063,0.454
5287,8398,0.394
9198,7687,0.53
6885,7870,0.295
9909,8454,0.476
180,4144,0.4035
5896,3700,0.585
5173,6769,0.309
9169,6978,0.235
2062,1787,0.275
6213,5759,0.4175
776,6676,0.4865
4091,8120,0.4125
8910,3523,0.4535
8888,4302,0.52
8777,9668,0.525
1448,4497,0.2375
8502,3933,0.305
1703,8998,0.4555
8176,9452,0.51
4058,900,0.5275
8007,8345,0.5645
4437,2981,0.409
3598,5570,0.513
4718,5625,0.102
1283,6618,0.505
9897,3551,0.525
9005,2130,0.228
999,1757,0.4375
1109,9688,0.398
2428,1780,0.4335
7873,9738,0.655
6565,6986,0.395
9546,4636,0.715
8431,3839,0.4025
9754,1978,0.755
971,3977,0.464
6386,5826,0.37
8931,7338,0.3785
7433,6611,0.565
939,3050,0.404
9556,6145,0.39
7834,5296,0.2965
4381,7350,0.6355
5647,6115,0.298
6355,769,0.2655
4817,483,0.7165
6965,3572,0.3415
1970,3260,0.3925
1206,7039,0.615
2013,7783,0.5725
6074,9108,0.435
8908,8107,0.3965
2638,8388,0.514
5143,6134,0.445
5434,838,0.5075
3065,7664,0.4225
7400,7783,0.6525
7047,7448,0.237
2848,6277,0.4465
9332,6190,0.59
4105,3160,0.407
5403,7238,0.95
1943,5552,0.3885
4745,6478,0.312
8453,5874,0.455
126,5949,0.462
6741,2298,0.535
2365,1426,0.2245
2628,6829,0.497
7562,2185,0.255
2474,9402,0.3675
7289,5044,0.243
2205,2242,0.2125
5628,7567,0.265
4296,3047,0.755
5878,9568,0.625
3210,9244,0.515
5908,977,0.2625
1521,9344,0.4915
191,68,0.4335
6592,1489,0.374
6638,7873,0.147
5811,8181,0.635
8978,4149,0.4275
1960,3170,0.464
6046,1307,0.792
1208,1277,0.579
8486,8161,0.425
5005,6596,0.343
141,3481,0.355
2540,728,0.276
4493,7457,0.2275
7627,8646,0.51
2064,4119,0.445
4873,3213,0.755
6099,6280,0.299
3722,6822,0.543
3836,7047,0.615
3796,4935,0.525
1519,8314,0.787
4667,5060,0.495
2123,9639,0.405
3676,4236,0.205
3975,9572,0.635
1514,6406,0.49
5853,8293,0.8
1996,5261,0.181
1110,1357,0.784
2513,9111,0.5245
1037,290,0.2545
6465,9286,0.3835
5810,3383,0.42
4927,4293,0.1425
2671,2009,0.424
6922,6443,0.324
7822,1122,0.484
6008,367,0.45
9668,3516,0.3725
2124,3829,0.2545
443,2100,0.286
6685,490,0.525
6681,5045,0.517
7016,2740,0.57
4277,7279,0.326
4233,1063,0.315
6339,7615,0.355
6117,443,0.254
6915,8634,0.3125
5899,628,0.665
4475,2196,0.2135
9802,3931,0.3085
5038,4499,0.4645
5878,1370,0.7495
5547,2172,0.428
1496,1958,0.4025
882,1244,0.612
4318,8317,0.461
2013,8207,0.3135
8438,3002,0.253
3299,9733,0.401
3382,8401,0.234
3868,5434,0.664
5751,2029,0.776
4667,4436,0.2875
3723,4673,0.3595
3537,5520,0.46
2457,9867,0.416
3692,3532,0.535
3719,1295,0.335
2804,8880,0.53
2908,7527,0.1485
9791,2293,0.4265
5562,6033,0.8175
3754,1619,0.35
3148,5897,0.475
41,560,0.255
778,4049,0.2655
4699,1012,0.909
3243,6556,0.5225
4499,4176,0.547
2503,2659,0.3745
5189,9455,0.4
1418,2264,0.3975
6115,5033,0.323
9307,2913,0.5065
5182,7682,0.455
6169,4892,0.169
6280,7062,0.3075
5932,4860,0.535
6574,8943,0.212
3474,8807,0.7925
1979,2682,0.2395
3738,3633,0.397
9367,7702,0.537
4811,7214,0.595
3807,8512,0.1525
1625,2436,0.32
8649,2723,0.2715
7752,1387,0.59
2043,7416,0.7245
9607,5612,0.493
9308,5734,0.405
6330,7365,0.1885
2962,4776,0.57
128,2217,0.282
3870,4859,0.327
3024,8118,0.7975
4715,5900,0.1655
9238,833,0.566
8068,684,0.3125
6814,4128,0.405
7434,5199,0.355
2446,6852,0.217
9584,6637,0.394
1291,6594,0.455
5102,3036,0.815
915,529,0.2865
8673,187,0.31
6848,1853,0.685
3092,6975,0.346
8648,2286,0.249
7420,2173,0.403
2952,3084,0.5135
3595,6278,0.8095
7382,6657,0.5475
9155,6055,0.3
8016,4342,0.42
8193,2063,0.4625
7198,3513,0.44
6556,3114,0.3635
5569,7944,0.38
5847,9928,0.4465
7441,2647,0.4625
1321,4231,0.65
1249,6493,0.244
4177,8490,0.41
7772,6761,0.73
2754,2546,0.42
2993,5512,0.2835
3202,3283,0.356
9092,8922,0.405
2484,8293,0.9025
126,8718,0.4225
6658,2196,0.4775
8381,5229,0.405
9156,3403,0.715
1528,9565,0.333
4427,2245,0.317
2918,9095,0.3245
1146,9580,0.49
7100,1025,0.329
47,4192,0.47
6964,706,0.4135
4808,2942,0.3615
4307,6573,0.4185
232,9981,0.299
9262,4366,0.395
8210,5684,0.213
5024,4027,0.4125
6936,8857,0.47
4225,1911,0.585
4459,3146,0.2785
8275,4247,0.43
1868,775,0.73
2513,1140,0.355
8650,7469,0.5325
3948,4690,0.3565
1500,1962,0.324
3219,3179,0.317
9404,2171,0.445
565,9747,0.295
4134,5780,0.4715
7081,7456,0.3275
7084,8352,0.467
5121,3916,0.73
573,9406,0.305
9900,2565,0.4
5059,4526,0.36
6520,7333,0.3925
5839,4011,0.4675
131,3139,0.2575
2991,4572,0.3675
3912,4219,0.505
4930,8089,0.3675
7625,6422,0.172
3193,6913,0.389
8129,3289,0.3125
8370,1922,0.317
5381,1501,0.49
8306,9788,0.1655
8546,2744,0.74
6882,6002,0.535
9050,8026,0.4675
7751,5592,0.4395
8943,743,0.515
2965,1712,0.326
7326,9477,0.665
7968,4259,0.505
9737,5319,0.371
6318,7363,0.465
4557,2749,0.505
3725,9985,0.62
7549,2491,0.344
9807,5864,0.2175
3036,4284,0.38
54,9419,0.565
8228,372,0.57
8766,4460,0.3385
9653,9967,0.83
8738,94,0.4365
8147,698,0.3095
112,6745,0.303
2703,4191,0.343
9775,5304,0.446
9638,296,0.355
2712,6537,0.522
810,9761,0.557
8766,3072,0.7925
4555,889,0.4815
5496,8221,0.3595
2280,2156,0.477
1240,1822,0.387
9005,7371,0.405
1101,9815,0.715
66,630,0.3825
5216,1512,0.4405
670,1665,0.61
8368,4589,0.43
4435,1291,0.3325
3293,7450,0.5765
7456,8734,0.91
3461,6547,0.62
8573,4957,0.3115
5857,4311,0.418
9529,1149,0.396
2856,4710,0.488
7431,4996,0.465
750,8949,0.2465
4533,1312,0.86
577,5816,0.435
2220,4509,0.365
7520,5022,0.2475
6016,1686,0.445
7302,307,0.323
3619,929,0.429
5013,6656,0.4635
9366,5206,0.305
2437,5010,0.374
3496,156,0.479
6611,3383,0.325
3261,2741,0.276
2057,7320,0.308
8220,7734,0.52
7706,6970,0.4085
8793,1732,0.4395
6952,8598,0.495
8158,7518,0.3885
8230,8654,0.357
4152,2880,0.4485
3489,3857,0.278
8308,9325,0.324
8676,5818,0.3175
1008,8363,0.472
6003,786,0.248
903,7355,0.3775
7612,6154,0.3855
1342,7661,0.3295
9423,4871,0.655
7795,1334,0.245
9488,7459,0.4325
82,4517,0.439
3030,4630,0.4465
3798,2226,0.36
2373,9547,0.48
1631,943,0.577
2614,9722,0.38
874,2606,0.365
4762,6834,0.33
9919,7811,0.3355
9607,7386,0.3075
2159,6215,0.2075
3460,7174,0.37
3656,7109,0.505
9367,9351,0.3785
2564,7335,0.5165
1284,9515,0.6155
4337,712,0.446
5,8891,0.3925
5732,2175,0.215
148,1455,0.52
3277,9327,0.505
1391,1789,0.448
7622,8217,0.485
1627,2492,0.33
8773,8143,0.4495
412,1934,0.495
2357,844,0.225
3176,518,0.3935
8928,1252,0.4675
7312,2123,0.74
8690,4449,0.231
9052,3256,0.2755
6172,3943,0.2345
3277,3040,0.565
5795,5025,0.165
4446,7362,0.243
6809,5271,0.183
6636,1800,0.5755
7379,1919,0.3325
1365,1734,0.65
6525,4762,0.4565
7575,9555,0.555
9203,5060,0.645
8958,4706,0.222
7996,4898,0.446
5691,6691,0.3235
7780,7551,0.7615
1879,5682,0.59
3873,9040,0.205
1659,345,0.2375
1352,1101,0.2675
5505,1060,0.345
3659,3143,0.371
2781,440,0.446
4049,8475,0.38
4256,6232,0.615
8819,4096,0.705
8860,8710,0.3725
6090,3807,0.367
1797,2374,0.4915
1344,3253,0.718
2579,8262,0.565
2056,9356,0.615
9944,2547,0.477
9582,329,0.435
7422,6167,0.5455
4484,3864,0.567
8526,7058,0.276
4647,5704,0.342
1956,147,0.335
4921,6999,0.435
1923,8027,0.432
4417,1863,0.3715
6740,3814,0.455
3259,5799,0.255
3186,166,0.745
5242,6093,0.46
8642,9266,0.425
5068,855,0.3375
3495,9264,0.4635
9042,757,0.435
8520,4075,0.405
5874,6810,0.3665
4981,4280,0.485
9746,3378,0.58
468,588,0.3285
9062,8393,0.5975
9852,2208,0.493
9767,3398,0.4015
1148,4205,0.3515
9212,4232,0.454
6159,6733,0.43
1261,3992,0.475
4849,7552,0.341
3778,300,0.304
5586,3343,0.231
7447,9515,0.1535
7855,6245,0.565
9557,3083,0.884
5627,7081,0.355
3492,8975,0.425
7757,6273,0.49
2890,8506,0.274
7275,5720,0.522
3027,4377,0.3375
696,6840,0.513
5252,9288,0.473
2125,9821,0.377
5811,5814,0.394
9695,5841,0.4345
1982,423,0.4495
8965,8187,0.362
9469,1984,0.4895
3872,846,0.527
3133,6164,0.423
5147,6000,0.2735
5055,4892,0.414
8175,7316,0.3965
2600,7127,0.72
3524,8481,0.1715
2007,1400,0.3575
5775,4631,0.4795
1122,5710,0.44
7119,5121,0.193
1440,6323,0.2555
6756,6380,0.423
790,1086,0.42
5254,9832,0.47
563,6658,0.67
3546,9371,0.265
2350,4600,0.8575
5729,7566,0.3955
3256,2046,0.381
3958,1360,0.695
5408,6477,0.2715
1945,1120,0.595
9773,9486,0.344
5978,9984,0.44
8928,3792,0.3405
4029,5373,0.6615
6362,972,0.6375
7803,3893,0.46
8286,1923,0.523
9517,5330,0.715
7673,22,0.2995
4280,3089,0.547
5768,7218,0.31
9688,8035,0.256
1785,9879,0.39
2707,5821,0.368
2507,5793,0.438
5757,784,0.297
7829,3489,0.39
3378,6753,0.635
3117,2263,0.425
236,5662,0.493
7900,6778,0.4165
9773,709,0.307
8648,9446,0.517
1127,2609,0.367
1895,6374,0.715
1644,1317,0.465
6184,1735,0.284
3213,1229,0.695
4527,4207,0.452
377,575,0.416
8419,2192,0.4605
6098,7912,0.5225
6267,9264,0.4725
3658,9495,0.395
2749,5437,0.795
3673,416,0.755
595,9537,0.44
6531,2498,0.4025
4842,7676,0.43
5380,1251,0.395
9523,8932,0.455
4720,7123,0.579
2267,5120,0.42
650,6875,0.21
146,5216,0.536
4081,2000,0.27
8717,9992,0.555
4058,4171,0.404
4838,1339,0.73
4978,5657,0.427
4643,8620,0.4655
8832,9002,0.665
7771,7157,0.2435
4233,9920,0.4445
1506,3790,0.2985
9050,939,0.277
6340,8433,0.376
8861,3895,0.455
171,382,0.366
1705,2021,0.455
5418,5987,0.466
874,6414,0.2075
1813,2207,0.4675
8958,5512,0.53
4981,1849,0.8935
4141,6790,0.455
2684,9390,0.395
6128,4065,0.463
3570,3332,0.57
7769,4484,0.4135
4684,2365,0.335
9266,1445,0.35
3797,8724,0.36
172,6092,0.307
7474,6920,0.53
5526,1995,0.33
5583,3549,0.2555
9419,9897,0.2975
9145,4856,0.427
2499,5705,0.509
7472,3016,0.465
370,663,0.4565
1652,5909,0.435
1608,2679,0.38
7923,5115,0.3775
4004,1392,0.276
1151,1596,0.735
7752,3701,0.435
7632,3616,0.695
7367,7419,0.468
5964,6518,0.337
8128,2085,0.33
7145,5077,0.356
4238,2539,0.292
4533,2056,0.356
787,2350,0.68
6902,9718,0.63
9035,8226,0.7615
9441,5101,0.415
7026,7888,0.3775
9472,4552,0.413
9885,796,0.2935
6243,5259,0.421
1043,7407,0.418
9066,6456,0.388
919,6187,0.615
9557,9903,0.5615
230,4088,0.406
6499,8471,0.405
6865,8424,0.4465
2801,2509,0.39
1648,6186,0.265
6901,4865,0.364
4150,245,0.345
2216,2479,0.357
1481,8447,0.63
9713,403,0.3375
8530,683,0.397
2874,576,0.47
2551,5951,0.2985
3872,1423,0.296
6005,5362,0.526
5382,4908,0.5535
2617,451,0.309
3583,447,0.5115
2701,2683,0.5975
2437,8260,0.239
2463,1338,0.323
8148,431,0.293
587,6951,0.82
934,8091,0.355
3598,2028,0.3175
2976,8958,0.369
2635,7938,0.135
7931,9924,0.89
1250,2531,0.54
1064,6797,0.3065
3087,750,0.63
7082,1366,0.3215
7032,8256,0.695
5275,848,0.3285
3148,2724,0.3985
4911,3902,0.57
3021,8892,0.428
7442,3938,0.259
6098,1492,0.4495
6512,8027,0.386
2057,7685,0.2775
6670,7158,0.465
2642,459,0.522
657,4160,0.649
3208,7261,0.49
3535,8037,0.284
5482,5304,0.47
9030,921,0.245
2232,9061,0.59
1323,4134,0.4195
1092,1046,0.659
1177,2581,0.145
5169,1635,0.359
6057,5757,0.429
9461,4777,0.541
8879,2203,0.56
3406,7230,0.53
4392,4901,0.233
3847,5534,0.4375
4792,5650,0.3005
171,3141,0.435
6077,5157,0.47
8041,5403,0.2835
8819,2023,0.725
7000,8746,0.3565
4666,7161,0.4375
1371,1560,0.684
1929,6273,0.2935
2501,7112,0.635
9220,5569,0.59
1169,6457,0.6735
8343,9876,0.3115
8108,5648,0.455
9296,5859,0.485
9983,1257,0.475
3884,7097,0.326
8147,6303,0.254
4303,3246,0.715
6805,3565,0.387
3231,8669,0.285
5140,4247,0.38
264,8694,0.4925
6939,4354,0.54
7486,8839,0.5025
1272,3796,0.39
8932,9189,0.445
8762,934,0.3535
5544,3111,0.9
5103,9271,0.245
5326,8218,0.4165
3701,8853,0.53
4351,8664,0.343
8238,2968,0.43
796,6401,0.295
1106,2492,0.293
3072,9918,0.53
3766,8507,0.485
8609,2151,0.5265
3803,4364,0.4625
6355,1668,0.455
5834,3155,0.655
6259,8382,0.292
9913,6353,0.57
5105,144,0.36
5790,5400,0.575
5749,8907,0.59
8033,2970,0.545
7035,4477,0.715
9717,3343,0.2665
874,7158,0.41
4958,5910,0.445
7210,6155,0.4045
6137,7214,0.4725
9092,2602,0.4465
5349,2237,0.4425
1985,4159,0.344
7240,6407,0.273
1134,4625,0.4965
6747,7051,0.4115
8595,8204,0.435
7840,8919,0.435
7273,4023,0.345
8983,3696,0.37
2729,2924,0.487
3666,423,0.5495
3349,2639,0.6795
2062,1297,0.365
3559,1490,0.448
8744,5557,0.332
325,8884,0.69
9600,5711,0.154
6916,8528,0.231
2598,7719,0.68
8549,2684,0.505
9443,6285,0.675
5662,6377,0.7825
7712,9948,0.3675
2965,4545,0.345
8942,3974,0.2185
6494,7164,0.415
569,4477,0.4175
7708,9917,0.332
7268,9298,0.423
6257,1610,0.4945
5148,4317,0.49
8563,5362,0.3245
7492,9466,0.5565
7252,3915,0.725
6558,7052,0.435
1271,1211,0.37
4618,7524,0.53
1901,6672,0.785
2894,5588,0.7
7058,3489,0.43
6522,3828,0.179
5705,5986,0.35
4149,5007,0.43
7270,5575,0.3475
1376,9571,0.506
4666,1811,0.3
6680,7393,0.48
9435,7761,0.34
9660,1535,0.295
8804,4877,0.319
3733,1007,0.5475
1937,4024,0.3355
2975,5732,0.535
1044,4911,0.601
3421,9786,0.825
2914,3889,0.461
8661,7610,0.3565
3648,5262,0.517
1269,3269,0.276
9715,6344,0.3275
3339,8086,0.2365
5266,255,0.233
3548,4292,0.3825
455,7143,0.396
5274,7893,0.4295
2537,3561,0.3495
864,1364,0.5215
6730,2910,0.337
8464,9875,0.57
861,513,0.72
4150,3615,0.497
2425,2274,0.4195
8698,4352,0.563
5176,1018,0.247
1238,8993,0.311
2511,2352,0.4265
7443,5659,0.18
5259,6442,0.424
6770,5632,0.3665
5137,9771,0.72
7647,9593,0.485
4031,2195,0.445
7144,5778,0.4035
4614,2129,0.47
4727,9614,0.2205
4560,1129,0.445
6470,1625,0.59
5110,1329,0.396
5138,2974,0.35
1157,4720,0.46
8014,727,0.385
893,5419,0.393
8728,7926,0.3895
9256,4003,0.615
4656,6583,0.51
8044,1189,0.265
5280,9959,0.55
46,2691,0.3835
1497,6115,0.4195
2256,4975,0.5655
1169,8833,0.445
9310,9002,0.538
4062,1206,0.585
6110,7910,0.515
6647,5314,0.675
9345,3136,0.324
4518,9956,0.4255
1524,7751,0.605
785,378,0.54
8330,3075,0.3325
2651,2810,0.2995
9211,407,0.455
3218,7342,0.55
8493,314,0.276
7619,7686,0.44
9192,3206,0.441
8489,6030,0.295
8279,3531,0.355
4393,6668,0.555
9479,5328,0.325
3483,2053,0.45
6074,5273,0.385
9360,739,0.5945
1934,8157,0.59
2137,6518,0.757
5929,1823,0.5345
7744,9563,0.545
4837,3716,0.8975
7068,5997,0.38
1219,9850,0.38
982,6684,0.5445
7445,201,0.4545
3438,2115,0.365
4966,2838,0.4025
9311,1185,0.4465
5479,95,0.478
9884,7567,0.63
4901,5436,0.4285
9776,8659,0.39
4057,555,0.301
2187,1256,0.179
5505,4160,0.78
9938,3826,0.435
309,8992,0.296
1857,4013,0.529
4632,5184,0.43
587,3009,0.7175
3803,5744,0.4745
8569,4486,0.453
5961,1358,0.34
955,3130,0.522
1606,2511,0.367
1805,1325,0.3365
8632,4823,0.57
7511,7326,0.485
2071,9671,0.52
6780,8393,0.3775
3686,6700,0.27
4790,3961,0.4625
3784,7429,0.5275
2589,4485,0.505
6920,9653,0.71
8022,4259,0.815
1657,7280,0.397
812,2917,0.491
5403,6305,0.4225
6654,7861,0.485
1159,1699,0.355
307,8731,0.745
8589,6150,0.386
8883,3560,0.4535
7591,1915,0.513
6718,6397,0.545
3168,333,0.292
8788,4585,0.3225
302,5161,0.3425
9484,7168,0.63
5613,4700,0.169
1000,1463,0.315
5783,9976,0.49
3225,3887,0.396
2604,4935,0.455
8947,5540,0.515
7027,1340,0.669
5222,9342,0.427
3770,6788,0.235
6983,9985,0.6275
1519,7268,0.78
9633,702,0.845
8314,9927,0.337
8713,7618,0.389
1585,7206,0.29
6625,3448,0.465
5048,8295,0.2995
8753,7711,0.27
6298,6854,0.5525
4594,8861,0.462
2265,9204,0.4225
7023,8465,0.355
7139,3785,0.514
4621,9983,0.409
2728,3262,0.225
323,3396,0.395
4841,9027,0.132
4474,363,0.295
684,1145,0.296
8168,4841,0.41
5927,4031,0.56
7773,5317,0.5385
9577,7535,0.4125
8345,4974,0.5875
7268,3368,0.327
852,7201,0.4475
9573,7359,0.393
9282,238,0.536
256,8495,0.57
6631,9172,0.5755
7967,6872,0.5565
6449,8850,0.415
3137,172,0.4225
7068,1676,0.406
8765,6793,0.5065
4125,3818,0.45
5723,920,0.4645
3792,3917,0.457
5143,8001,0.505
4442,8580,0.36
9013,8045,0.355
7339,4422,0.545
5228,3100,0.365
1477,6417,0.433
2324,3392,0.3685
1899,8840,0.91
4483,3370,0.545
4241,7652,0.4915
3319,4899,0.2985
3851,624,0.7875
2569,7407,0.43
2775,6818,0.505
2517,1230,0.445
4843,1140,0.595
1245,2658,0.451
9553,330,0.317
9829,202,0.417
8870,4473,0.5225
4797,5011,0.3725
2102,2324,0.458
5755,6102,0.4595
8803,8334,0.4035
3192,6177,0.393
4824,5276,0.4425
2436,8566,0.305
3343,3619,0.58
578,8319,0.388
4958,3245,0.235
5803,7597,0.383
9291,4854,0.516
8261,817,0.48
992,1702,0.427
415,3501,0.8725
1369,2680,0.3965
8690,5903,0.4165
8814,6507,0.36
1135,3461,0.33
3390,5801,0.4
706,3771,0.4325
7136,7185,0.446
6169,3734,0.455
6022,996,0.265
9384,1670,0.444
4751,6892,0.462
7468,584,0.3665
5276,6531,0.3675
2049,1756,0.2725
6904,2265,0.505
5745,5885,0.396
5701,5988,0.176
7204,7611,0.355
4423,5573,0.3835
2983,2941,0.227
7497,2181,0.3235
5221,4892,0.4145
8549,6342,0.393
3633,4088,0.465
113,2529,0.374
9841,2426,0.494
7534,8398,0.4545
2396,5933,0.4045
8890,6609,0.381
272,7983,0.2455
6507,6657,0.318
4561,7873,0.496
3609,4973,0.237
7537,1814,0.5245
6191,2186,0.553
8139,3553,0.5265
1862,8445,0.259
9844,1103,0.398
1927,3749,0.26
6745,2443,0.885
7204,4227,0.4275
8997,6639,0.325
8238,7122,0.4215
4209,1858,0.3265
5027,8400,0.3675
3792,7317,0.326
2451,5579,0.3025
8226,8641,0.57
232,881,0.1235
5374,3686,0.446
56,1447,0.361
4583,3319,0.4765
23,9744,0.446
1587,3170,0.727
4868,7821,0.61
5320,7923,0.61
8371,6772,0.311
1905,5564,0.517
2139,9952,0.7315
390,1329,0.47
817,15,0.3625
8489,8149,0.4345
6996,2695,0.58
4718,7500,0.305
2669,6344,0.4
7449,3289,0.416
8431,776,0.545
8106,8189,0.464
5204,62,0.07
6731,4650,0.541
3285,414,0.3785
4475,7028,0.41
6889,4259,0.3715
9327,136,0.355
2339,7317,0.449
1809,5797,0.3465
5025,8528,0.188
3330,7620,0.48
764,2076,0.55
9175,1203,0.395
2233,4586,0.345
1359,7812,0.391
8785,5717,0.4425
1617,6816,0.565
2946,7484,0.4485
966,5698,0.539
3188,8146,0.53
6882,5260,0.755
1957,5566,0.423
5638,9573,0.39
7073,4980,0.37
6026,4224,0.327
6840,7146,0.2135
2531,5509,0.295
8253,8148,0.43
5358,6619,0.595
2042,2785,0.7655
4131,4393,0.42
706,4142,0.502
6314,7338,0.355
4396,3527,0.77
3521,7463,0.1865
1752,9427,0.437
4073,5374,0.2855
2216,9005,0.3705
5724,4684,0.388
1708,7695,0.3025
5283,1111,0.78
903,7159,0.215
3313,7614,0.345
3575,9640,0.151
9393,3090,0.356
6682,155,0.623
2651,3580,0.2535
8551,2507,0.302
218,1552,0.52
5551,1936,0.445
8742,4468,0.345
1119,2739,0.329
6852,8965,0.177
5195,4489,0.403
3091,2320,0.47
9553,6834,0.4355
3049,5872,0.46
4380,3123,0.54
3426,9622,0.3645
6437,9454,0.5175
8143,943,0.435
4776,7610,0.46
2118,1130,0.393
2588,3121,0.415
8782,7286,0.2925
3096,3975,0.801
9442,176,0.405
6095,1458,0.455
1034,5086,0.755
7082,9177,0.434
5866,6723,0.326
5757,323,0.4145
9916,6995,0.5075
8743,1569,0.305
4081,5777,0.4185
4677,380,0.515
6464,6975,0.388
5983,3707,0.388
9975,3124,0.545
4139,2658,0.295
1562,9776,0.34
8032,7640,0.1525
1765,2721,0.4465
3297,5906,0.434
7086,5940,0.3935
1659,9630,0.3
9815,3562,0.435
8572,2667,0.785
8415,3643,0.3745
1803,2583,0.4935
1037,1887,0.44
4518,1083,0.44
6556,6194,0.44
4538,4686,0.4425
5989,2398,0.445
4386,433,0.2485
2142,2087,0.3225
5497,3430,0.427
4281,2839,0.1885
106,4845,0.309
3307,1337,0.55
7090,9551,0.345
7062,6973,0.4705
7408,4357,0.2645
4104,7074,0.56
7339,8085,0.395
9953,5548,0.745
7420,1241,0.565
8393,2208,0.36
9175,4145,0.195
1010,7509,0.115
6813,5066,0.54
9756,183,0.425
2191,374,0.226
1553,2949,0.43
9568,5184,0.53
9640,1544,0.3785
3286,9053,0.465
3702,3225,0.4425
5488,189,0.63
2851,3097,0.335
7588,6051,0.6225
2910,5677,0.4875
2649,831,0.5625
3321,1515,0.31
4240,3372,0.3295
5150,7391,0.4195
2971,5193,0.429
7653,594,0.395
3476,5289,0.3465
1096,5020,0.2675
921,4201,0.395
800,9836,0.4335
3748,3891,0.475
9646,4975,0.315
9607,7948,0.2985
160,2032,0.302
6382,4136,0.695
5589,5344,0.3785
1379,6374,0.5885
2890,6306,0.239
2041,8767,0.266
8945,5243,0.487
5672,9423,0.465
6055,4454,0.505
8399,1203,0.4325
7958,6897,0.7
1741,9859,0.535
9935,3346,0.48
4908,6509,0.485
2477,5468,0.4885
8015,7150,0.411
2539,1431,0.3245
31,4880,0.3235
3275,3207,0.358
8077,1388,0.72
535,585,0.3835
4516,2940,0.437
6845,9577,0.62
5238,2967,0.51
2971,8214,0.406
9584,1097,0.287
8497,8614,0.4185
8157,7607,0.3565
3294,3680,0.645
5496,6052,0.3385
270,4590,0.73
4340,686,0.204
5478,1029,0.4375
2798,875,0.35
7961,8087,0.375
8363,1233,0.418
2973,7310,0.2765
533,7048,0.53
5767,2432,0.3975
777,6215,0.172
8106,4249,0.59
4341,3413,0.455
4763,5739,0.545
6628,1406,0.4625
1013,7791,0.405
8940,7921,0.4585
2071,5768,0.6555
3936,4164,0.324
4174,8614,0.4915
7382,7074,0.556
5480,8981,0.444
1374,6058,0.1765
2366,4967,0.625
3607,6307,0.2
5890,311,0.455
9742,1483,0.4275
8244,5132,0.6155
5599,8837,0.705
446,7084,0.316
4642,3995,0.449
9016,6805,0.3845
6091,1607,0.485
2459,7002,0.365
5693,6654,0.57
6853,3779,0.438
5807,5281,0.302
8739,923,0.805
5346,4543,0.455
1424,6679,0.4645
8277,2798,0.455
4209,8173,0.432
2382,1646,0.307
5861,5913,0.4015
5402,5782,0.53
8600,4913,0.7
8783,7208,0.26
1566,5165,0.4965
1820,2669,0.57
6710,4341,0.4275
5809,7590,0.2925
8015,1983,0.24
7747,2995,0.4235
5786,7852,0.3225
5864,5575,0.695
4183,2785,0.425
9107,8934,0.213
3763,9263,0.389
6234,67,0.435
6679,1673,0.4645
2199,4633,0.445
57,5853,0.3775
7136,9865,0.3625
8645,4977,0.3785
6592,9107,0.3815
3879,5772,0.475
6152,4013,0.4575
8548,3593,0.77
560,790,0.5975
8869,9268,0.2305
3372,5548,0.6335
3197,979,0.4075
9150,9464,0.405
4557,1275,0.434
2747,1790,0.4625
6536,6090,0.405
2821,4499,0.645
5238,1417,0.749
2433,963,0.74
6205,4232,0.5075
4040,2634,0.374
8184,8088,0.3375
7607,3554,0.52
6394,316,0.57
8778,8594,0.4865
3122,4534,0.3445
3738,6953,0.885
7869,3591,0.2821
8872,6894,0.8
4439,8036,0.2375
1901,8426,0.455
1773,1617,0.76
3428,1957,0.313
6708,7861,0.49
7206,1890,0.255
7361,1381,0.326
7374,476,0.485
358,7111,0.3795
484,2289,0.41
7643,7968,0.2225
9951,1270,0.522
947,2733,0.35
3274,4122,0.375
8106,9347,0.399
1401,7499,0.345
2879,4029,0.564
3608,8486,0.47
5523,5907,0.439
9668,7320,0.2675
6969,1025,0.4585
8916,6671,0.33
9606,6103,0.195
8191,8450,0.465
2018,1058,0.4725
9686,3564,0.206
2344,4542,0.59
8835,9784,0.3735
4078,709,0.355
8712,6963,0.49
8855,7468,0.416
6491,934,0.4375
3386,2268,0.293
6154,9807,0.805
660,6092,0.3085
342,4523,0.628
2515,1254,0.4515
3498,6979,0.381
4970,7579,0.77
1125,760,0.418
5190,810,0.52
1334,4194,0.35
6599,9608,0.45
6527,797,0.53
4829,9679,0.78
9669,8570,0.36
4146,4087,0.3875
5937,8181,0.53
7205,190,0.4065
6396,4849,0.53
2597,4660,0.47
2274,2675,0.53
87,5056,0.4465
1991,6463,0.572
5528,3901,0.445
1707,2917,0.452
1514,7597,0.41
9694,5647,0.395
1462,719,0.349
6603,948,0.47
6270,9295,0.47
7559,9009,0.4025
804,1340,0.3105
8103,8086,0.308
7982,8249,0.5525
363,967,0.27
2503,3276,0.351
691,2676,0.277
758,9725,0.3775
1149,9826,0.385
3283,3609,0.91
490,8287,0.628
7818,9198,0.367
1626,5007,0.426
5330,3833,0.4375
7212,1790,0.57
4166,3606,0.3915
1157,3639,0.434
349,9919,0.52
2071,6515,0.635
4779,8349,0.64
9768,4490,0.293
9990,5940,0.43
1260,3584,0.4665
5832,7514,0.4235
3598,779,0.47
2835,2865,0.371
16,3986,0.4605
8346,3048,0.4825
3716,1186,0.755
4601,2853,0.2985
5912,2149,0.615
765,1208,0.433
1828,3434,0.355
7269,4268,0.4325
5531,6046,0.346
6663,6027,0.53
3100,4521,0.7675
9731,1999,0.4265
3615,5334,0.462
2812,9779,0.495
3605,3451,0.4575
5684,7752,0.5075
3579,5611,0.855
142,2007,0.3975
9958,2239,0.323
3668,4887,0.5775
1937,1534,0.452
1296,7620,0.214
7961,4959,0.63
3976,746,0.4015
5726,8234,0.553
9732,2163,0.542
1478,5841,0.35
4667,101,0.565
5896,355,0.545
2209,584,0.507
3294,6970,0.715
4618,5341,0.179
5046,9715,0.387
8479,7062,0.221
6232,2616,0.199
9492,2233,0.455
9968,8042,0.2455
4716,5721,0.43
8902,8173,0.506
7277,2324,0.475
4774,5565,0.3965
6382,2718,0.467
4055,8975,0.462
6,8022,0.332
4683,3099,0.43
1719,6583,0.793
4030,5702,0.5275
8074,1667,0.295
1055,1964,0.445
2135,5483,0.4625
9382,3376,0.103
7374,7252,0.307
6484,6434,0.53
634,6294,0.27
1492,4914,0.337
2708,3316,0.4065
6924,9168,0.565
7056,7769,0.3455
4557,5513,0.665
9505,8138,0.455
325,6753,0.505
5697,7999,0.304
143,5219,0.3975
1264,3572,0.243
2659,3250,0.538
3334,1222,0.61
10,1251,0.725
9739,6907,0.385
4841,6811,0.5165
7511,1494,0.67
6953,8170,0.4825
6733,7392,0.2545
6554,7009,0.307
7025,3090,0.455
6667,8969,0.4315
7229,2606,0.41
8841,3521,0.355
76,7594,0.2915
8466,2345,0.343
2465,5212,0.365
9703,2764,0.27
8124,1196,0.3585
4111,8405,0.3025
1226,9326,0.55
9217,3729,0.425
8974,3551,0.4775
6270,2220,0.55
5254,4895,0.505
7391,6154,0.58
4419,5363,0.245
6300,9884,0.395
2567,4339,0.828
8006,3193,0.367
9509,3133,0.1405
8018,9273,0.623
8486,9577,0.59
735,7477,0.505
5209,6135,0.545
8003,2653,0.42
5575,1284,0.796
625,5207,0.435
2725,7911,0.4335
4700,9410,0.515
7461,235,0.455
2338,6304,0.455
3533,7811,0.44
2885,7786,0.242
6157,7551,0.499
802,844,0.3175
3772,6741,0.44
6908,2880,0.325
9274,8041,0.73
2563,1090,0.2045
9202,4673,0.335
7307,4717,0.335
901,7116,0.65
5736,6149,0.5375
8407,8543,0.48
1043,6642,0.516
2615,5898,0.209
4824,3900,0.57
455,8473,0.493
9499,7278,0.5085
8252,4432,0.455
9619,8269,0.5815
1833,6686,0.367
806,3749,0.2875
3188,451,0.307
7390,9430,0.4475
34,6537,0.469
871,9443,0.4465
1997,8796,0.42
1911,1067,0.434
3864,1541,0.513
5341,9411,0.408
8015,4690,0.3235
5508,8563,0.315
493,6555,0.3265
8375,4589,0.573
3646,3512,0.483
109,7026,0.65
6535,7278,0.4275
6518,9885,0.615
2764,5417,0.34
3170,5764,0.51
3979,4212,0.63
9207,6596,0.52
1533,4767,0.258
9503,3476,0.43
5548,6542,0.295
6564,4973,0.57
276,1335,0.33
6262,3984,0.53
9805,660,0.405
9577,9688,0.36
7202,760,0.363
5472,6360,0.53
5787,6448,0.4085
2095,7576,0.51
2610,9505,0.2935
5236,3624,0.52
2344,7158,0.585
5951,5160,0.786
5327,5926,0.358
9963,8649,0.505
4756,6678,0.255
7383,6163,0.5625
4000,5412,0.539
6875,5051,0.46
7453,8218,0.21
2569,8322,0.299
8536,7545,0.725
4701,4331,0.3065
8844,9124,0.3295
9988,5267,0.5835
5346,5004,0.4275
5428,5747,0.4
5364,5649,0.435
4855,6315,0.603
2740,6304,0.3415
7632,9500,0.321
4978,7223,0.5225
1061,6644,0.63
3938,5568,0.34
8861,8884,0.5
6563,2576,0.5085
2366,8876,0.445
3878,6261,0.575
5735,9178,0.3875
9484,3701,0.3215
7591,3097,0.424
4211,405,0.488
4936,728,0.405
1580,3474,0.755
1492,8159,0.2765
4089,4932,0.735
1236,8004,0.4465
7951,9551,0.555
4157,2337,0.6375
7957,6063,0.2635
4890,9224,0.4115
1884,3244,0.44
3212,1418,0.5225
7012,7136,0.5265
8205,2095,0.4825
3307,9007,0.74
8605,7984,0.57
3518,688,0.2555
7228,1196,0.325
8410,412,0.254
2481,8723,0.615
2576,6423,0.33
1843,6365,0.28
9887,9155,0.395
1876,2,0.305
9409,5254,0.595
8348,3412,0.449
8163,3606,0.57
8258,9370,0.418
9760,63,0.9
2083,7886,0.295
5100,6937,0.4995
9812,3946,0.4425
6603,6032,0.435
7562,1164,0.565
6558,8013,0.645
6975,8298,0.585
6414,4635,0.679
6178,3545,0.395
6924,782,0.405
7819,8438,0.2775
7896,119,0.36
2821,8651,0.3145
9110,9439,0.4155
2901,2700,0.404
2641,8686,0.865
8386,6777,0.085
4754,3944,0.386
8699,7211,0.685
9695,8726,0.31
8850,3875,0.189
716,8719,0.527
8737,622,0.535
964,1016,0.305
3848,9172,0.433
665,6707,0.3415
4283,6202,0.3885
2495,9352,0.534
9014,5336,0.3565
3055,4077,0.2135
634,3276,0.1575
1096,1279,0.335
2689,4659,0.5975
3817,7532,0.5
1962,9440,0.447
6520,8464,0.295
1181,2773,0.5525
4706,2154,0.7955
1824,8565,0.355
3587,842,0.2995
9556,5953,0.2315
246,2518,0.67
3122,8889,0.327
5519,4478,0.5025
4182,1002,0.7175
7638,5979,0.6035
5856,1331,0.43
7457,747,0.4725
6391,7607,0.49
3209,9619,0.295
9466,4145,0.391
1929,5164,0.4325
8061,1888,0.307
5107,794,0.3725
2335,8372,0.298
3379,3540,0.357
5669,389,0.72
81,2006,0.355
8419,1783,0.2565
6908,9883,0.34
2821,3889,0.426
7774,2212,0.427
1914,3329,0.395
2844,4389,0.312
6602,2768,0.3795
1975,8765,0.855
2074,9150,0.142
3806,1669,0.6725
6499,6214,0.4035
1781,4384,0.1735
6053,3569,0.506
9885,9986,0.43
8127,2393,0.5215
559,63,0.417
2702,1961,0.61
8046,8978,0.4125
9960,9735,0.255
6161,9995,0.359
1871,2592,0.7235
3409,7205,0.455
7301,9818,0.5815
7840,2234,0.586
168,6574,0.253
2183,3054,0.4645
4085,8115,0.5315
4800,6768,0.56
2365,2891,0.505
1326,6880,0.488
6318,6680,0.441
3120,2437,0.2735
629,7559,0.675
1809,5375,0.3425
4314,2897,0.3775
2261,6029,0.515
8659,5220,0.226
5940,7340,0.53
3576,714,0.223
3281,7982,0.373
7632,475,0.375
4352,7682,0.377
5197,6398,0.258
9029,2196,0.3225
4166,7612,0.435
2002,4227,0.3575
3352,174,0.258
5620,940,0.695
6655,7051,0.2175
9836,7059,0.48
4718,4065,0.368
4045,6130,0.4475
4226,6010,0.346
5902,5370,0.437
920,4097,0.574
6819,5080,0.445
3565,9275,0.243
7947,5447,0.58
8078,8249,0.595
5771,1800,0.3855
